conversion_id,source_id,revenue_amount,transaction_id,time of engagement,date
1,3,$489.85,TXN12345,00:00:00,01/01/2024
2,3,$928.32,TXN12346,02:10:23,01/01/2024
3,2,$253.17,TXN12347,04:20:46,01/01/2024
4,4,$110.43,TXN12348,06:31:09,01/01/2024
5,6,$856.26,TXN12349,08:41:32,01/01/2024
6,3,$456.20,TXN12350,10:51:56,01/01/2024
7,6,$846.91,TXN12351,13:02:19,01/01/2024
8,5,$995.83,TXN12352,15:12:42,01/01/2024
9,2,$203.58,TXN12353,17:23:05,01/01/2024
10,5,$849.29,TXN12354,19:33:28,01/01/2024
11,6,$784.46,TXN12355,21:43:51,01/01/2024
12,6,$798.90,TXN12356,23:54:14,01/01/2024
13,6,$495.55,TXN12357,02:04:37,02/01/2024
14,5,$648.20,TXN12358,04:15:00,02/01/2024
15,5,$322.88,TXN12359,06:25:24,02/01/2024
16,4,$128.49,TXN12360,08:35:47,02/01/2024
17,2,$755.00,TXN12361,10:46:10,02/01/2024
18,6,$224.95,TXN12362,12:56:33,02/01/2024
19,5,$369.68,TXN12363,15:06:56,02/01/2024
20,5,$148.17,TXN12364,17:17:19,02/01/2024
21,4,$609.18,TXN12365,19:27:42,02/01/2024
22,2,$871.51,TXN12366,21:38:05,02/01/2024
23,2,$165.58,TXN12367,23:48:28,02/01/2024
24,1,$452.92,TXN12368,01:58:52,03/01/2024
25,5,$849.30,TXN12369,04:09:15,03/01/2024
26,3,$797.19,TXN12370,06:19:38,03/01/2024
27,4,$292.32,TXN12371,08:30:01,03/01/2024
28,2,$325.91,TXN12372,10:40:24,03/01/2024
29,3,$668.35,TXN12373,12:50:47,03/01/2024
30,1,$315.22,TXN12374,15:01:10,03/01/2024
31,3,$408.82,TXN12375,17:11:33,03/01/2024
32,6,$802.89,TXN12376,19:21:56,03/01/2024
33,4,$654.98,TXN12377,21:32:20,03/01/2024
34,6,$196.05,TXN12378,23:42:43,03/01/2024
35,6,$446.59,TXN12379,01:53:06,04/01/2024
36,2,$278.17,TXN12380,04:03:29,04/01/2024
37,1,$590.92,TXN12381,06:13:52,04/01/2024
38,2,$953.99,TXN12382,08:24:15,04/01/2024
39,3,$549.16,TXN12383,10:34:38,04/01/2024
40,4,$851.34,TXN12384,12:45:01,04/01/2024
41,5,$711.47,TXN12385,14:55:24,04/01/2024
42,5,$514.80,TXN12386,17:05:48,04/01/2024
43,6,$922.78,TXN12387,19:16:11,04/01/2024
44,3,$975.52,TXN12388,21:26:34,04/01/2024
45,2,$952.21,TXN12389,23:36:57,04/01/2024
46,2,$890.67,TXN12390,01:47:20,05/01/2024
47,1,$766.43,TXN12391,03:57:43,05/01/2024
48,3,$925.39,TXN12392,06:08:06,05/01/2024
49,1,$274.59,TXN12393,08:18:29,05/01/2024
50,6,$884.89,TXN12394,10:28:52,05/01/2024
51,6,$550.60,TXN12395,12:39:16,05/01/2024
52,2,$230.79,TXN12396,14:49:39,05/01/2024
53,5,$543.92,TXN12397,17:00:02,05/01/2024
54,4,$134.94,TXN12398,19:10:25,05/01/2024
55,6,$915.71,TXN12399,21:20:48,05/01/2024
56,6,$332.76,TXN12400,23:31:11,05/01/2024
57,1,$340.28,TXN12401,01:41:34,06/01/2024
58,1,$499.35,TXN12402,03:51:57,06/01/2024
59,2,$270.23,TXN12403,06:02:20,06/01/2024
60,2,$933.78,TXN12404,08:12:44,06/01/2024
61,6,$720.64,TXN12405,10:23:07,06/01/2024
62,5,$710.96,TXN12406,12:33:30,06/01/2024
63,2,$925.16,TXN12407,14:43:53,06/01/2024
64,3,$218.96,TXN12408,16:54:16,06/01/2024
65,4,$334.24,TXN12409,19:04:39,06/01/2024
66,4,$699.90,TXN12410,21:15:02,06/01/2024
67,1,$719.37,TXN12411,23:25:25,06/01/2024
68,6,$850.33,TXN12412,01:35:48,07/01/2024
69,5,$754.87,TXN12413,03:46:12,07/01/2024
70,4,$137.40,TXN12414,05:56:35,07/01/2024
71,5,$661.22,TXN12415,08:06:58,07/01/2024
72,5,$806.76,TXN12416,10:17:21,07/01/2024
73,1,$881.72,TXN12417,12:27:44,07/01/2024
74,4,$884.62,TXN12418,14:38:07,07/01/2024
75,2,$274.63,TXN12419,16:48:30,07/01/2024
76,5,$320.46,TXN12420,18:58:53,07/01/2024
77,3,$642.87,TXN12421,21:09:16,07/01/2024
78,6,$519.97,TXN12422,23:19:40,07/01/2024
79,1,$423.75,TXN12423,01:30:03,08/01/2024
80,6,$968.74,TXN12424,03:40:26,08/01/2024
81,5,$293.25,TXN12425,05:50:49,08/01/2024
82,6,$865.98,TXN12426,08:01:12,08/01/2024
83,1,$644.85,TXN12427,10:11:35,08/01/2024
84,1,$725.86,TXN12428,12:21:58,08/01/2024
85,3,$796.49,TXN12429,14:32:21,08/01/2024
86,6,$524.03,TXN12430,16:42:44,08/01/2024
87,5,$977.06,TXN12431,18:53:08,08/01/2024
88,6,$532.38,TXN12432,21:03:31,08/01/2024
89,4,$354.38,TXN12433,23:13:54,08/01/2024
90,4,$915.60,TXN12434,01:24:17,09/01/2024
91,5,$534.71,TXN12435,03:34:40,09/01/2024
92,1,$935.64,TXN12436,05:45:03,09/01/2024
93,2,$577.89,TXN12437,07:55:26,09/01/2024
94,6,$303.88,TXN12438,10:05:49,09/01/2024
95,5,$409.51,TXN12439,12:16:12,09/01/2024
96,1,$983.88,TXN12440,14:26:36,09/01/2024
97,2,$289.06,TXN12441,16:36:59,09/01/2024
98,5,$426.21,TXN12442,18:47:22,09/01/2024
99,2,$359.59,TXN12443,20:57:45,09/01/2024
100,4,$744.40,TXN12444,23:08:08,09/01/2024
101,6,$308.54,TXN12445,01:18:31,10/01/2024
102,5,$848.57,TXN12446,03:28:54,10/01/2024
103,2,$962.74,TXN12447,05:39:17,10/01/2024
104,3,$474.84,TXN12448,07:49:40,10/01/2024
105,6,$544.08,TXN12449,10:00:04,10/01/2024
106,2,$808.09,TXN12450,12:10:27,10/01/2024
107,4,$497.35,TXN12451,14:20:50,10/01/2024
108,3,$162.58,TXN12452,16:31:13,10/01/2024
109,5,$589.33,TXN12453,18:41:36,10/01/2024
110,1,$569.98,TXN12454,20:51:59,10/01/2024
111,3,$477.31,TXN12455,23:02:22,10/01/2024
112,6,$360.54,TXN12456,01:12:45,11/01/2024
113,3,$319.90,TXN12457,03:23:08,11/01/2024
114,6,$581.56,TXN12458,05:33:32,11/01/2024
115,1,$240.87,TXN12459,07:43:55,11/01/2024
116,5,$216.71,TXN12460,09:54:18,11/01/2024
117,5,$541.43,TXN12461,12:04:41,11/01/2024
118,2,$430.04,TXN12462,14:15:04,11/01/2024
119,6,$803.68,TXN12463,16:25:27,11/01/2024
120,1,$452.72,TXN12464,18:35:50,11/01/2024
121,4,$917.32,TXN12465,20:46:13,11/01/2024
122,4,$239.07,TXN12466,22:56:36,11/01/2024
123,1,$921.67,TXN12467,01:07:00,12/01/2024
124,2,$257.77,TXN12468,03:17:23,12/01/2024
125,6,$307.78,TXN12469,05:27:46,12/01/2024
126,6,$293.47,TXN12470,07:38:09,12/01/2024
127,2,$805.29,TXN12471,09:48:32,12/01/2024
128,5,$477.93,TXN12472,11:58:55,12/01/2024
129,5,$867.07,TXN12473,14:09:18,12/01/2024
130,1,$690.45,TXN12474,16:19:41,12/01/2024
131,6,$197.01,TXN12475,18:30:05,12/01/2024
132,3,$123.15,TXN12476,20:40:28,12/01/2024
133,6,$630.80,TXN12477,22:50:51,12/01/2024
134,2,$904.70,TXN12478,01:01:14,13/01/2024
135,4,$301.17,TXN12479,03:11:37,13/01/2024
136,3,$501.49,TXN12480,05:22:00,13/01/2024
137,5,$140.30,TXN12481,07:32:23,13/01/2024
138,4,$534.89,TXN12482,09:42:46,13/01/2024
139,1,$819.69,TXN12483,11:53:09,13/01/2024
140,4,$531.40,TXN12484,14:03:33,13/01/2024
141,3,$490.56,TXN12485,16:13:56,13/01/2024
142,3,$319.78,TXN12486,18:24:19,13/01/2024
143,3,$581.17,TXN12487,20:34:42,13/01/2024
144,4,$856.27,TXN12488,22:45:05,13/01/2024
145,3,$593.67,TXN12489,00:55:28,14/01/2024
146,4,$363.93,TXN12490,03:05:51,14/01/2024
147,1,$808.87,TXN12491,05:16:14,14/01/2024
148,3,$198.79,TXN12492,07:26:37,14/01/2024
149,1,$132.11,TXN12493,09:37:01,14/01/2024
150,5,$278.83,TXN12494,11:47:24,14/01/2024
151,4,$577.44,TXN12495,13:57:47,14/01/2024
152,5,$366.94,TXN12496,16:08:10,14/01/2024
153,6,$714.33,TXN12497,18:18:33,14/01/2024
154,2,$857.44,TXN12498,20:28:56,14/01/2024
155,3,$385.88,TXN12499,22:39:19,14/01/2024
156,2,$776.38,TXN12500,00:49:42,15/01/2024
157,6,$319.42,TXN12501,03:00:05,15/01/2024
158,5,$839.45,TXN12502,05:10:29,15/01/2024
159,6,$931.31,TXN12503,07:20:52,15/01/2024
160,1,$459.91,TXN12504,09:31:15,15/01/2024
161,1,$179.81,TXN12505,11:41:38,15/01/2024
162,1,$463.84,TXN12506,13:52:01,15/01/2024
163,2,$435.74,TXN12507,16:02:24,15/01/2024
164,2,$558.50,TXN12508,18:12:47,15/01/2024
165,6,$548.30,TXN12509,20:23:10,15/01/2024
166,4,$887.45,TXN12510,22:33:33,15/01/2024
167,2,$657.49,TXN12511,00:43:57,16/01/2024
168,2,$169.25,TXN12512,02:54:20,16/01/2024
169,4,$689.91,TXN12513,05:04:43,16/01/2024
170,5,$806.90,TXN12514,07:15:06,16/01/2024
171,6,$239.34,TXN12515,09:25:29,16/01/2024
172,4,$290.30,TXN12516,11:35:52,16/01/2024
173,1,$919.03,TXN12517,13:46:15,16/01/2024
174,4,$959.06,TXN12518,15:56:38,16/01/2024
175,6,$186.09,TXN12519,18:07:01,16/01/2024
176,5,$934.04,TXN12520,20:17:25,16/01/2024
177,5,$999.42,TXN12521,22:27:48,16/01/2024
178,2,$520.17,TXN12522,00:38:11,17/01/2024
179,6,$846.90,TXN12523,02:48:34,17/01/2024
180,3,$274.54,TXN12524,04:58:57,17/01/2024
181,3,$530.53,TXN12525,07:09:20,17/01/2024
182,5,$200.27,TXN12526,09:19:43,17/01/2024
183,4,$729.25,TXN12527,11:30:06,17/01/2024
184,1,$444.64,TXN12528,13:40:29,17/01/2024
185,2,$231.59,TXN12529,15:50:53,17/01/2024
186,3,$299.73,TXN12530,18:01:16,17/01/2024
187,5,$218.08,TXN12531,20:11:39,17/01/2024
188,1,$416.16,TXN12532,22:22:02,17/01/2024
189,5,$859.14,TXN12533,00:32:25,18/01/2024
190,6,$517.79,TXN12534,02:42:48,18/01/2024
191,4,$702.20,TXN12535,04:53:11,18/01/2024
192,1,$960.03,TXN12536,07:03:34,18/01/2024
193,6,$726.68,TXN12537,09:13:57,18/01/2024
194,6,$318.54,TXN12538,11:24:21,18/01/2024
195,3,$173.03,TXN12539,13:34:44,18/01/2024
196,6,$840.15,TXN12540,15:45:07,18/01/2024
197,1,$351.32,TXN12541,17:55:30,18/01/2024
198,6,$664.35,TXN12542,20:05:53,18/01/2024
199,2,$925.91,TXN12543,22:16:16,18/01/2024
200,1,$573.68,TXN12544,00:26:39,19/01/2024
201,5,$563.84,TXN12545,02:37:02,19/01/2024
202,6,$444.48,TXN12546,04:47:25,19/01/2024
203,2,$539.54,TXN12547,06:57:49,19/01/2024
204,3,$709.29,TXN12548,09:08:12,19/01/2024
205,2,$657.89,TXN12549,11:18:35,19/01/2024
206,4,$882.37,TXN12550,13:28:58,19/01/2024
207,4,$990.73,TXN12551,15:39:21,19/01/2024
208,5,$477.33,TXN12552,17:49:44,19/01/2024
209,1,$982.08,TXN12553,20:00:07,19/01/2024
210,2,$698.24,TXN12554,22:10:30,19/01/2024
211,1,$766.73,TXN12555,00:20:53,20/01/2024
212,5,$455.05,TXN12556,02:31:17,20/01/2024
213,5,$740.94,TXN12557,04:41:40,20/01/2024
214,5,$848.88,TXN12558,06:52:03,20/01/2024
215,5,$641.15,TXN12559,09:02:26,20/01/2024
216,2,$206.93,TXN12560,11:12:49,20/01/2024
217,1,$625.81,TXN12561,13:23:12,20/01/2024
218,3,$304.51,TXN12562,15:33:35,20/01/2024
219,4,$475.29,TXN12563,17:43:58,20/01/2024
220,3,$504.08,TXN12564,19:54:21,20/01/2024
221,5,$734.35,TXN12565,22:04:45,20/01/2024
222,3,$478.42,TXN12566,00:15:08,21/01/2024
223,6,$553.54,TXN12567,02:25:31,21/01/2024
224,2,$205.29,TXN12568,04:35:54,21/01/2024
225,1,$713.86,TXN12569,06:46:17,21/01/2024
226,6,$156.10,TXN12570,08:56:40,21/01/2024
227,3,$381.36,TXN12571,11:07:03,21/01/2024
228,6,$698.57,TXN12572,13:17:26,21/01/2024
229,1,$371.12,TXN12573,15:27:49,21/01/2024
230,1,$106.92,TXN12574,17:38:13,21/01/2024
231,3,$499.03,TXN12575,19:48:36,21/01/2024
232,3,$684.79,TXN12576,21:58:59,21/01/2024
233,5,$862.06,TXN12577,00:09:22,22/01/2024
234,6,$900.55,TXN12578,02:19:45,22/01/2024
235,1,$320.71,TXN12579,04:30:08,22/01/2024
236,3,$958.86,TXN12580,06:40:31,22/01/2024
237,6,$434.94,TXN12581,08:50:54,22/01/2024
238,3,$139.70,TXN12582,11:01:17,22/01/2024
239,4,$378.19,TXN12583,13:11:41,22/01/2024
240,2,$257.55,TXN12584,15:22:04,22/01/2024
241,5,$344.30,TXN12585,17:32:27,22/01/2024
242,2,$599.34,TXN12586,19:42:50,22/01/2024
243,1,$635.97,TXN12587,21:53:13,22/01/2024
244,3,$236.87,TXN12588,00:03:36,23/01/2024
245,5,$453.92,TXN12589,02:13:59,23/01/2024
246,1,$658.70,TXN12590,04:24:22,23/01/2024
247,4,$571.68,TXN12591,06:34:45,23/01/2024
248,6,$602.09,TXN12592,08:45:09,23/01/2024
249,4,$923.12,TXN12593,10:55:32,23/01/2024
250,5,$745.03,TXN12594,13:05:55,23/01/2024
251,1,$371.47,TXN12595,15:16:18,23/01/2024
252,3,$533.10,TXN12596,17:26:41,23/01/2024
253,2,$190.85,TXN12597,19:37:04,23/01/2024
254,3,$368.11,TXN12598,21:47:27,23/01/2024
255,3,$944.11,TXN12599,23:57:50,23/01/2024
256,5,$724.13,TXN12600,02:08:13,24/01/2024
257,2,$992.24,TXN12601,04:18:37,24/01/2024
258,3,$475.84,TXN12602,06:29:00,24/01/2024
259,5,$573.33,TXN12603,08:39:23,24/01/2024
260,3,$967.85,TXN12604,10:49:46,24/01/2024
261,4,$659.28,TXN12605,13:00:09,24/01/2024
262,5,$512.41,TXN12606,15:10:32,24/01/2024
263,5,$757.62,TXN12607,17:20:55,24/01/2024
264,1,$662.40,TXN12608,19:31:18,24/01/2024
265,4,$972.52,TXN12609,21:41:41,24/01/2024
266,2,$959.90,TXN12610,23:52:05,24/01/2024
267,1,$817.29,TXN12611,02:02:28,25/01/2024
268,4,$328.45,TXN12612,04:12:51,25/01/2024
269,5,$633.43,TXN12613,06:23:14,25/01/2024
270,1,$944.64,TXN12614,08:33:37,25/01/2024
271,4,$101.45,TXN12615,10:44:00,25/01/2024
272,2,$195.14,TXN12616,12:54:23,25/01/2024
273,4,$521.25,TXN12617,15:04:46,25/01/2024
274,6,$681.78,TXN12618,17:15:09,25/01/2024
275,3,$215.50,TXN12619,19:25:33,25/01/2024
276,5,$401.36,TXN12620,21:35:56,25/01/2024
277,3,$111.72,TXN12621,23:46:19,25/01/2024
278,6,$773.35,TXN12622,01:56:42,26/01/2024
279,6,$281.62,TXN12623,04:07:05,26/01/2024
280,6,$854.21,TXN12624,06:17:28,26/01/2024
281,1,$604.95,TXN12625,08:27:51,26/01/2024
282,3,$673.60,TXN12626,10:38:14,26/01/2024
283,3,$261.32,TXN12627,12:48:37,26/01/2024
284,1,$266.81,TXN12628,14:59:01,26/01/2024
285,3,$406.70,TXN12629,17:09:24,26/01/2024
286,6,$935.07,TXN12630,19:19:47,26/01/2024
287,1,$210.57,TXN12631,21:30:10,26/01/2024
288,1,$571.03,TXN12632,23:40:33,26/01/2024
289,2,$324.36,TXN12633,01:50:56,27/01/2024
290,3,$756.97,TXN12634,04:01:19,27/01/2024
291,4,$379.19,TXN12635,06:11:42,27/01/2024
292,5,$986.86,TXN12636,08:22:05,27/01/2024
293,6,$560.74,TXN12637,10:32:29,27/01/2024
294,3,$512.58,TXN12638,12:42:52,27/01/2024
295,1,$826.38,TXN12639,14:53:15,27/01/2024
296,3,$483.62,TXN12640,17:03:38,27/01/2024
297,3,$875.19,TXN12641,19:14:01,27/01/2024
298,1,$982.38,TXN12642,21:24:24,27/01/2024
299,2,$388.33,TXN12643,23:34:47,27/01/2024
300,3,$886.95,TXN12644,01:45:10,28/01/2024
301,6,$732.35,TXN12645,03:55:33,28/01/2024
302,5,$410.25,TXN12646,06:05:57,28/01/2024
303,3,$983.79,TXN12647,08:16:20,28/01/2024
304,5,$908.87,TXN12648,10:26:43,28/01/2024
305,3,$417.17,TXN12649,12:37:06,28/01/2024
306,5,$937.37,TXN12650,14:47:29,28/01/2024
307,2,$751.73,TXN12651,16:57:52,28/01/2024
308,4,$605.14,TXN12652,19:08:15,28/01/2024
309,2,$347.56,TXN12653,21:18:38,28/01/2024
310,1,$368.46,TXN12654,23:29:01,28/01/2024
311,3,$417.67,TXN12655,01:39:25,29/01/2024
312,6,$929.86,TXN12656,03:49:48,29/01/2024
313,5,$607.95,TXN12657,06:00:11,29/01/2024
314,3,$854.53,TXN12658,08:10:34,29/01/2024
315,6,$326.83,TXN12659,10:20:57,29/01/2024
316,1,$822.93,TXN12660,12:31:20,29/01/2024
317,4,$103.93,TXN12661,14:41:43,29/01/2024
318,3,$594.17,TXN12662,16:52:06,29/01/2024
319,1,$888.91,TXN12663,19:02:29,29/01/2024
320,1,$328.72,TXN12664,21:12:53,29/01/2024
321,5,$517.71,TXN12665,23:23:16,29/01/2024
322,6,$843.63,TXN12666,01:33:39,30/01/2024
323,5,$124.82,TXN12667,03:44:02,30/01/2024
324,1,$206.14,TXN12668,05:54:25,30/01/2024
325,6,$654.51,TXN12669,08:04:48,30/01/2024
326,5,$548.97,TXN12670,10:15:11,30/01/2024
327,5,$836.84,TXN12671,12:25:34,30/01/2024
328,2,$621.31,TXN12672,14:35:57,30/01/2024
329,4,$150.55,TXN12673,16:46:21,30/01/2024
330,2,$988.03,TXN12674,18:56:44,30/01/2024
331,3,$110.30,TXN12675,21:07:07,30/01/2024
332,6,$522.25,TXN12676,23:17:30,30/01/2024
333,6,$513.38,TXN12677,01:27:53,31/01/2024
334,2,$874.31,TXN12678,03:38:16,31/01/2024
335,4,$750.67,TXN12679,05:48:39,31/01/2024
336,4,$227.50,TXN12680,07:59:02,31/01/2024
337,5,$524.15,TXN12681,10:09:25,31/01/2024
338,6,$199.74,TXN12682,12:19:49,31/01/2024
339,5,$960.19,TXN12683,14:30:12,31/01/2024
340,4,$543.47,TXN12684,16:40:35,31/01/2024
341,3,$613.00,TXN12685,18:50:58,31/01/2024
342,4,$303.29,TXN12686,21:01:21,31/01/2024
343,6,$176.51,TXN12687,23:11:44,31/01/2024
344,4,$380.61,TXN12688,01:22:07,01/02/2024
345,1,$897.54,TXN12689,03:32:30,01/02/2024
346,3,$656.33,TXN12690,05:42:53,01/02/2024
347,1,$405.57,TXN12691,07:53:17,01/02/2024
348,1,$627.22,TXN12692,10:03:40,01/02/2024
349,5,$776.36,TXN12693,12:14:03,01/02/2024
350,5,$955.23,TXN12694,14:24:26,01/02/2024
351,6,$963.06,TXN12695,16:34:49,01/02/2024
352,5,$737.08,TXN12696,18:45:12,01/02/2024
353,1,$861.51,TXN12697,20:55:35,01/02/2024
354,2,$451.95,TXN12698,23:05:58,01/02/2024
355,6,$847.90,TXN12699,01:16:21,02/02/2024
356,6,$659.49,TXN12700,03:26:45,02/02/2024
357,1,$562.81,TXN12701,05:37:08,02/02/2024
358,4,$128.45,TXN12702,07:47:31,02/02/2024
359,4,$616.90,TXN12703,09:57:54,02/02/2024
360,6,$924.28,TXN12704,12:08:17,02/02/2024
361,1,$809.93,TXN12705,14:18:40,02/02/2024
362,4,$864.17,TXN12706,16:29:03,02/02/2024
363,3,$558.49,TXN12707,18:39:26,02/02/2024
364,1,$360.63,TXN12708,20:49:49,02/02/2024
365,2,$929.76,TXN12709,23:00:13,02/02/2024
366,4,$600.61,TXN12710,01:10:36,03/02/2024
367,1,$345.13,TXN12711,03:20:59,03/02/2024
368,6,$950.44,TXN12712,05:31:22,03/02/2024
369,2,$267.37,TXN12713,07:41:45,03/02/2024
370,4,$789.01,TXN12714,09:52:08,03/02/2024
371,1,$301.74,TXN12715,12:02:31,03/02/2024
372,4,$828.10,TXN12716,14:12:54,03/02/2024
373,1,$647.50,TXN12717,16:23:17,03/02/2024
374,6,$573.62,TXN12718,18:33:41,03/02/2024
375,3,$534.60,TXN12719,20:44:04,03/02/2024
376,1,$181.01,TXN12720,22:54:27,03/02/2024
377,6,$477.66,TXN12721,01:04:50,04/02/2024
378,4,$338.24,TXN12722,03:15:13,04/02/2024
379,6,$998.55,TXN12723,05:25:36,04/02/2024
380,5,$730.11,TXN12724,07:35:59,04/02/2024
381,4,$756.81,TXN12725,09:46:22,04/02/2024
382,4,$767.55,TXN12726,11:56:46,04/02/2024
383,6,$605.89,TXN12727,14:07:09,04/02/2024
384,3,$752.58,TXN12728,16:17:32,04/02/2024
385,3,$259.01,TXN12729,18:27:55,04/02/2024
386,5,$765.91,TXN12730,20:38:18,04/02/2024
387,1,$143.88,TXN12731,22:48:41,04/02/2024
388,3,$473.57,TXN12732,00:59:04,05/02/2024
389,6,$606.28,TXN12733,03:09:27,05/02/2024
390,6,$243.69,TXN12734,05:19:50,05/02/2024
391,4,$308.41,TXN12735,07:30:14,05/02/2024
392,6,$131.58,TXN12736,09:40:37,05/02/2024
393,3,$183.49,TXN12737,11:51:00,05/02/2024
394,5,$250.38,TXN12738,14:01:23,05/02/2024
395,2,$177.43,TXN12739,16:11:46,05/02/2024
396,1,$256.59,TXN12740,18:22:09,05/02/2024
397,2,$647.15,TXN12741,20:32:32,05/02/2024
398,6,$112.73,TXN12742,22:42:55,05/02/2024
399,6,$589.74,TXN12743,00:53:18,06/02/2024
400,5,$157.27,TXN12744,03:03:42,06/02/2024
401,3,$669.66,TXN12745,05:14:05,06/02/2024
402,2,$393.99,TXN12746,07:24:28,06/02/2024
403,5,$474.61,TXN12747,09:34:51,06/02/2024
404,4,$103.09,TXN12748,11:45:14,06/02/2024
405,3,$932.93,TXN12749,13:55:37,06/02/2024
406,5,$789.97,TXN12750,16:06:00,06/02/2024
407,5,$137.35,TXN12751,18:16:23,06/02/2024
408,1,$837.28,TXN12752,20:26:46,06/02/2024
409,1,$513.51,TXN12753,22:37:10,06/02/2024
410,2,$346.89,TXN12754,00:47:33,07/02/2024
411,5,$592.54,TXN12755,02:57:56,07/02/2024
412,3,$968.94,TXN12756,05:08:19,07/02/2024
413,5,$494.25,TXN12757,07:18:42,07/02/2024
414,5,$345.73,TXN12758,09:29:05,07/02/2024
415,4,$607.90,TXN12759,11:39:28,07/02/2024
416,2,$295.71,TXN12760,13:49:51,07/02/2024
417,6,$532.87,TXN12761,16:00:14,07/02/2024
418,2,$420.95,TXN12762,18:10:38,07/02/2024
419,5,$453.97,TXN12763,20:21:01,07/02/2024
420,1,$746.93,TXN12764,22:31:24,07/02/2024
421,5,$196.21,TXN12765,00:41:47,08/02/2024
422,1,$595.71,TXN12766,02:52:10,08/02/2024
423,2,$319.63,TXN12767,05:02:33,08/02/2024
424,3,$390.79,TXN12768,07:12:56,08/02/2024
425,6,$599.86,TXN12769,09:23:19,08/02/2024
426,2,$624.12,TXN12770,11:33:42,08/02/2024
427,5,$495.02,TXN12771,13:44:06,08/02/2024
428,4,$936.39,TXN12772,15:54:29,08/02/2024
429,4,$221.01,TXN12773,18:04:52,08/02/2024
430,1,$230.89,TXN12774,20:15:15,08/02/2024
431,6,$493.54,TXN12775,22:25:38,08/02/2024
432,1,$417.13,TXN12776,00:36:01,09/02/2024
433,3,$502.74,TXN12777,02:46:24,09/02/2024
434,2,$691.36,TXN12778,04:56:47,09/02/2024
435,6,$832.10,TXN12779,07:07:10,09/02/2024
436,5,$177.85,TXN12780,09:17:34,09/02/2024
437,1,$951.81,TXN12781,11:27:57,09/02/2024
438,6,$856.59,TXN12782,13:38:20,09/02/2024
439,5,$358.29,TXN12783,15:48:43,09/02/2024
440,3,$783.08,TXN12784,17:59:06,09/02/2024
441,3,$247.45,TXN12785,20:09:29,09/02/2024
442,2,$903.07,TXN12786,22:19:52,09/02/2024
443,6,$683.49,TXN12787,00:30:15,10/02/2024
444,1,$855.54,TXN12788,02:40:38,10/02/2024
445,3,$482.35,TXN12789,04:51:02,10/02/2024
446,1,$852.17,TXN12790,07:01:25,10/02/2024
447,4,$545.87,TXN12791,09:11:48,10/02/2024
448,6,$777.04,TXN12792,11:22:11,10/02/2024
449,1,$102.34,TXN12793,13:32:34,10/02/2024
450,4,$298.13,TXN12794,15:42:57,10/02/2024
451,4,$633.57,TXN12795,17:53:20,10/02/2024
452,4,$671.46,TXN12796,20:03:43,10/02/2024
453,6,$196.61,TXN12797,22:14:06,10/02/2024
454,1,$317.36,TXN12798,00:24:30,11/02/2024
455,3,$758.87,TXN12799,02:34:53,11/02/2024
456,6,$352.23,TXN12800,04:45:16,11/02/2024
457,1,$713.98,TXN12801,06:55:39,11/02/2024
458,2,$570.60,TXN12802,09:06:02,11/02/2024
459,1,$862.44,TXN12803,11:16:25,11/02/2024
460,6,$658.15,TXN12804,13:26:48,11/02/2024
461,3,$600.99,TXN12805,15:37:11,11/02/2024
462,5,$366.39,TXN12806,17:47:34,11/02/2024
463,3,$281.87,TXN12807,19:57:58,11/02/2024
464,2,$183.13,TXN12808,22:08:21,11/02/2024
465,6,$817.40,TXN12809,00:18:44,12/02/2024
466,1,$433.74,TXN12810,02:29:07,12/02/2024
467,4,$483.40,TXN12811,04:39:30,12/02/2024
468,3,$938.61,TXN12812,06:49:53,12/02/2024
469,6,$284.74,TXN12813,09:00:16,12/02/2024
470,6,$671.31,TXN12814,11:10:39,12/02/2024
471,6,$432.49,TXN12815,13:21:02,12/02/2024
472,1,$103.32,TXN12816,15:31:26,12/02/2024
473,6,$716.16,TXN12817,17:41:49,12/02/2024
474,4,$154.85,TXN12818,19:52:12,12/02/2024
475,3,$703.44,TXN12819,22:02:35,12/02/2024
476,1,$511.10,TXN12820,00:12:58,13/02/2024
477,5,$659.46,TXN12821,02:23:21,13/02/2024
478,5,$671.30,TXN12822,04:33:44,13/02/2024
479,5,$674.79,TXN12823,06:44:07,13/02/2024
480,5,$557.19,TXN12824,08:54:30,13/02/2024
481,3,$887.65,TXN12825,11:04:54,13/02/2024
482,6,$899.31,TXN12826,13:15:17,13/02/2024
483,6,$794.92,TXN12827,15:25:40,13/02/2024
484,6,$969.61,TXN12828,17:36:03,13/02/2024
485,2,$713.61,TXN12829,19:46:26,13/02/2024
486,3,$804.17,TXN12830,21:56:49,13/02/2024
487,4,$358.12,TXN12831,00:07:12,14/02/2024
488,2,$148.86,TXN12832,02:17:35,14/02/2024
489,4,$517.14,TXN12833,04:27:58,14/02/2024
490,5,$105.56,TXN12834,06:38:22,14/02/2024
491,5,$784.63,TXN12835,08:48:45,14/02/2024
492,1,$470.13,TXN12836,10:59:08,14/02/2024
493,1,$417.28,TXN12837,13:09:31,14/02/2024
494,6,$156.43,TXN12838,15:19:54,14/02/2024
495,5,$964.99,TXN12839,17:30:17,14/02/2024
496,2,$553.32,TXN12840,19:40:40,14/02/2024
497,3,$650.45,TXN12841,21:51:03,14/02/2024
498,2,$922.32,TXN12842,00:01:26,15/02/2024
499,5,$868.61,TXN12843,02:11:50,15/02/2024
500,3,$470.15,TXN12844,04:22:13,15/02/2024
501,3,$568.61,TXN12845,06:32:36,15/02/2024
502,6,$227.85,TXN12846,08:42:59,15/02/2024
503,5,$963.46,TXN12847,10:53:22,15/02/2024
504,6,$920.87,TXN12848,13:03:45,15/02/2024
505,3,$642.48,TXN12849,15:14:08,15/02/2024
506,5,$369.13,TXN12850,17:24:31,15/02/2024
507,6,$913.97,TXN12851,19:34:54,15/02/2024
508,3,$286.92,TXN12852,21:45:18,15/02/2024
509,5,$104.19,TXN12853,23:55:41,15/02/2024
510,5,$525.78,TXN12854,02:06:04,16/02/2024
511,1,$828.24,TXN12855,04:16:27,16/02/2024
512,1,$112.35,TXN12856,06:26:50,16/02/2024
513,4,$720.85,TXN12857,08:37:13,16/02/2024
514,1,$631.51,TXN12858,10:47:36,16/02/2024
515,5,$185.53,TXN12859,12:57:59,16/02/2024
516,4,$357.19,TXN12860,15:08:22,16/02/2024
517,6,$850.41,TXN12861,17:18:46,16/02/2024
518,6,$688.89,TXN12862,19:29:09,16/02/2024
519,4,$450.10,TXN12863,21:39:32,16/02/2024
520,6,$227.45,TXN12864,23:49:55,16/02/2024
521,2,$561.52,TXN12865,02:00:18,17/02/2024
522,1,$688.71,TXN12866,04:10:41,17/02/2024
523,4,$160.87,TXN12867,06:21:04,17/02/2024
524,1,$292.29,TXN12868,08:31:27,17/02/2024
525,2,$353.48,TXN12869,10:41:50,17/02/2024
526,2,$582.83,TXN12870,12:52:14,17/02/2024
527,5,$927.67,TXN12871,15:02:37,17/02/2024
528,2,$703.03,TXN12872,17:13:00,17/02/2024
529,2,$107.40,TXN12873,19:23:23,17/02/2024
530,1,$792.64,TXN12874,21:33:46,17/02/2024
531,5,$145.29,TXN12875,23:44:09,17/02/2024
532,5,$870.29,TXN12876,01:54:32,18/02/2024
533,6,$482.19,TXN12877,04:04:55,18/02/2024
534,5,$913.89,TXN12878,06:15:18,18/02/2024
535,5,$624.10,TXN12879,08:25:42,18/02/2024
536,4,$421.51,TXN12880,10:36:05,18/02/2024
537,3,$662.53,TXN12881,12:46:28,18/02/2024
538,5,$178.63,TXN12882,14:56:51,18/02/2024
539,3,$103.23,TXN12883,17:07:14,18/02/2024
540,3,$288.02,TXN12884,19:17:37,18/02/2024
541,1,$869.06,TXN12885,21:28:00,18/02/2024
542,3,$489.61,TXN12886,23:38:23,18/02/2024
543,1,$848.42,TXN12887,01:48:46,19/02/2024
544,2,$364.00,TXN12888,03:59:10,19/02/2024
545,6,$729.83,TXN12889,06:09:33,19/02/2024
546,4,$167.72,TXN12890,08:19:56,19/02/2024
547,2,$948.78,TXN12891,10:30:19,19/02/2024
548,5,$846.58,TXN12892,12:40:42,19/02/2024
549,6,$235.61,TXN12893,14:51:05,19/02/2024
550,3,$272.94,TXN12894,17:01:28,19/02/2024
551,2,$115.32,TXN12895,19:11:51,19/02/2024
552,5,$983.83,TXN12896,21:22:14,19/02/2024
553,3,$886.82,TXN12897,23:32:38,19/02/2024
554,1,$323.79,TXN12898,01:43:01,20/02/2024
555,2,$655.04,TXN12899,03:53:24,20/02/2024
556,1,$859.78,TXN12900,06:03:47,20/02/2024
557,6,$822.66,TXN12901,08:14:10,20/02/2024
558,1,$316.14,TXN12902,10:24:33,20/02/2024
559,3,$580.50,TXN12903,12:34:56,20/02/2024
560,5,$641.18,TXN12904,14:45:19,20/02/2024
561,1,$246.36,TXN12905,16:55:42,20/02/2024
562,5,$221.32,TXN12906,19:06:06,20/02/2024
563,4,$229.91,TXN12907,21:16:29,20/02/2024
564,5,$998.87,TXN12908,23:26:52,20/02/2024
565,2,$740.51,TXN12909,01:37:15,21/02/2024
566,4,$774.74,TXN12910,03:47:38,21/02/2024
567,4,$245.65,TXN12911,05:58:01,21/02/2024
568,2,$101.92,TXN12912,08:08:24,21/02/2024
569,1,$670.62,TXN12913,10:18:47,21/02/2024
570,3,$122.05,TXN12914,12:29:10,21/02/2024
571,5,$897.11,TXN12915,14:39:34,21/02/2024
572,3,$611.13,TXN12916,16:49:57,21/02/2024
573,1,$178.52,TXN12917,19:00:20,21/02/2024
574,4,$364.91,TXN12918,21:10:43,21/02/2024
575,2,$171.67,TXN12919,23:21:06,21/02/2024
576,3,$750.25,TXN12920,01:31:29,22/02/2024
577,2,$710.56,TXN12921,03:41:52,22/02/2024
578,2,$608.47,TXN12922,05:52:15,22/02/2024
579,2,$675.52,TXN12923,08:02:38,22/02/2024
580,4,$581.32,TXN12924,10:13:02,22/02/2024
581,5,$113.79,TXN12925,12:23:25,22/02/2024
582,5,$778.21,TXN12926,14:33:48,22/02/2024
583,6,$303.28,TXN12927,16:44:11,22/02/2024
584,1,$953.80,TXN12928,18:54:34,22/02/2024
585,1,$243.63,TXN12929,21:04:57,22/02/2024
586,4,$432.83,TXN12930,23:15:20,22/02/2024
587,4,$454.40,TXN12931,01:25:43,23/02/2024
588,3,$144.57,TXN12932,03:36:06,23/02/2024
589,1,$232.63,TXN12933,05:46:30,23/02/2024
590,6,$962.97,TXN12934,07:56:53,23/02/2024
591,3,$983.57,TXN12935,10:07:16,23/02/2024
592,2,$986.93,TXN12936,12:17:39,23/02/2024
593,5,$338.17,TXN12937,14:28:02,23/02/2024
594,2,$303.59,TXN12938,16:38:25,23/02/2024
595,5,$508.14,TXN12939,18:48:48,23/02/2024
596,6,$753.91,TXN12940,20:59:11,23/02/2024
597,6,$251.42,TXN12941,23:09:34,23/02/2024
598,3,$902.52,TXN12942,01:19:58,24/02/2024
599,1,$438.22,TXN12943,03:30:21,24/02/2024
600,5,$785.04,TXN12944,05:40:44,24/02/2024
601,6,$133.49,TXN12945,07:51:07,24/02/2024
602,5,$968.48,TXN12946,10:01:30,24/02/2024
603,4,$597.93,TXN12947,12:11:53,24/02/2024
604,2,$881.57,TXN12948,14:22:16,24/02/2024
605,3,$668.04,TXN12949,16:32:39,24/02/2024
606,4,$898.49,TXN12950,18:43:02,24/02/2024
607,3,$678.27,TXN12951,20:53:26,24/02/2024
608,2,$713.23,TXN12952,23:03:49,24/02/2024
609,4,$498.23,TXN12953,01:14:12,25/02/2024
610,2,$396.25,TXN12954,03:24:35,25/02/2024
611,1,$799.62,TXN12955,05:34:58,25/02/2024
612,6,$274.46,TXN12956,07:45:21,25/02/2024
613,5,$947.55,TXN12957,09:55:44,25/02/2024
614,4,$964.73,TXN12958,12:06:07,25/02/2024
615,2,$954.92,TXN12959,14:16:30,25/02/2024
616,5,$389.49,TXN12960,16:26:54,25/02/2024
617,5,$175.90,TXN12961,18:37:17,25/02/2024
618,1,$196.38,TXN12962,20:47:40,25/02/2024
619,1,$728.49,TXN12963,22:58:03,25/02/2024
620,6,$386.69,TXN12964,01:08:26,26/02/2024
621,5,$107.90,TXN12965,03:18:49,26/02/2024
622,1,$327.41,TXN12966,05:29:12,26/02/2024
623,3,$889.88,TXN12967,07:39:35,26/02/2024
624,3,$478.79,TXN12968,09:49:58,26/02/2024
625,3,$237.12,TXN12969,12:00:22,26/02/2024
626,6,$736.79,TXN12970,14:10:45,26/02/2024
627,5,$889.87,TXN12971,16:21:08,26/02/2024
628,3,$912.17,TXN12972,18:31:31,26/02/2024
629,5,$375.82,TXN12973,20:41:54,26/02/2024
630,4,$448.85,TXN12974,22:52:17,26/02/2024
631,1,$562.29,TXN12975,01:02:40,27/02/2024
632,2,$234.29,TXN12976,03:13:03,27/02/2024
633,2,$113.71,TXN12977,05:23:27,27/02/2024
634,6,$216.48,TXN12978,07:33:50,27/02/2024
635,4,$894.51,TXN12979,09:44:13,27/02/2024
636,1,$289.61,TXN12980,11:54:36,27/02/2024
637,6,$107.42,TXN12981,14:04:59,27/02/2024
638,3,$156.54,TXN12982,16:15:22,27/02/2024
639,6,$115.97,TXN12983,18:25:45,27/02/2024
640,6,$229.05,TXN12984,20:36:08,27/02/2024
641,2,$541.69,TXN12985,22:46:31,27/02/2024
642,5,$963.42,TXN12986,00:56:55,28/02/2024
643,2,$614.18,TXN12987,03:07:18,28/02/2024
644,4,$630.80,TXN12988,05:17:41,28/02/2024
645,3,$497.64,TXN12989,07:28:04,28/02/2024
646,1,$570.76,TXN12990,09:38:27,28/02/2024
647,5,$584.19,TXN12991,11:48:50,28/02/2024
648,1,$531.45,TXN12992,13:59:13,28/02/2024
649,5,$568.31,TXN12993,16:09:36,28/02/2024
650,2,$790.75,TXN12994,18:19:59,28/02/2024
651,1,$846.10,TXN12995,20:30:23,28/02/2024
652,1,$170.40,TXN12996,22:40:46,28/02/2024
653,1,$183.19,TXN12997,00:51:09,29/02/2024
654,4,$707.37,TXN12998,03:01:32,29/02/2024
655,1,$475.39,TXN12999,05:11:55,29/02/2024
656,1,$364.93,TXN13000,07:22:18,29/02/2024
657,6,$406.55,TXN13001,09:32:41,29/02/2024
658,4,$641.13,TXN13002,11:43:04,29/02/2024
659,5,$732.30,TXN13003,13:53:27,29/02/2024
660,2,$778.12,TXN13004,16:03:51,29/02/2024
661,3,$200.40,TXN13005,18:14:14,29/02/2024
662,5,$345.74,TXN13006,20:24:37,29/02/2024
663,1,$337.81,TXN13007,22:35:00,29/02/2024
664,2,$403.45,TXN13008,00:45:23,01/03/2024
665,1,$810.57,TXN13009,02:55:46,01/03/2024
666,1,$360.31,TXN13010,05:06:09,01/03/2024
667,5,$144.39,TXN13011,07:16:32,01/03/2024
668,6,$493.00,TXN13012,09:26:55,01/03/2024
669,3,$816.49,TXN13013,11:37:19,01/03/2024
670,1,$418.53,TXN13014,13:47:42,01/03/2024
671,3,$632.12,TXN13015,15:58:05,01/03/2024
672,2,$383.62,TXN13016,18:08:28,01/03/2024
673,3,$630.72,TXN13017,20:18:51,01/03/2024
674,4,$613.91,TXN13018,22:29:14,01/03/2024
675,5,$653.98,TXN13019,00:39:37,02/03/2024
676,2,$769.89,TXN13020,02:50:00,02/03/2024
677,2,$251.53,TXN13021,05:00:23,02/03/2024
678,6,$226.11,TXN13022,07:10:47,02/03/2024
679,2,$167.76,TXN13023,09:21:10,02/03/2024
680,5,$209.33,TXN13024,11:31:33,02/03/2024
681,5,$459.43,TXN13025,13:41:56,02/03/2024
682,2,$907.75,TXN13026,15:52:19,02/03/2024
683,6,$800.67,TXN13027,18:02:42,02/03/2024
684,4,$341.89,TXN13028,20:13:05,02/03/2024
685,2,$373.31,TXN13029,22:23:28,02/03/2024
686,3,$738.08,TXN13030,00:33:51,03/03/2024
687,4,$596.37,TXN13031,02:44:15,03/03/2024
688,1,$129.97,TXN13032,04:54:38,03/03/2024
689,6,$919.09,TXN13033,07:05:01,03/03/2024
690,3,$633.16,TXN13034,09:15:24,03/03/2024
691,4,$320.39,TXN13035,11:25:47,03/03/2024
692,6,$768.68,TXN13036,13:36:10,03/03/2024
693,6,$894.85,TXN13037,15:46:33,03/03/2024
694,5,$484.72,TXN13038,17:56:56,03/03/2024
695,5,$917.43,TXN13039,20:07:19,03/03/2024
696,2,$890.26,TXN13040,22:17:43,03/03/2024
697,4,$504.76,TXN13041,00:28:06,04/03/2024
698,6,$361.59,TXN13042,02:38:29,04/03/2024
699,3,$920.72,TXN13043,04:48:52,04/03/2024
700,6,$828.81,TXN13044,06:59:15,04/03/2024
701,4,$112.25,TXN13045,09:09:38,04/03/2024
702,6,$701.24,TXN13046,11:20:01,04/03/2024
703,3,$701.64,TXN13047,13:30:24,04/03/2024
704,4,$733.00,TXN13048,15:40:47,04/03/2024
705,4,$203.27,TXN13049,17:51:11,04/03/2024
706,2,$620.61,TXN13050,20:01:34,04/03/2024
707,6,$726.14,TXN13051,22:11:57,04/03/2024
708,1,$989.73,TXN13052,00:22:20,05/03/2024
709,4,$959.21,TXN13053,02:32:43,05/03/2024
710,6,$590.08,TXN13054,04:43:06,05/03/2024
711,6,$377.58,TXN13055,06:53:29,05/03/2024
712,5,$365.49,TXN13056,09:03:52,05/03/2024
713,4,$139.79,TXN13057,11:14:15,05/03/2024
714,2,$790.96,TXN13058,13:24:39,05/03/2024
715,1,$579.68,TXN13059,15:35:02,05/03/2024
716,4,$337.02,TXN13060,17:45:25,05/03/2024
717,2,$153.88,TXN13061,19:55:48,05/03/2024
718,2,$308.31,TXN13062,22:06:11,05/03/2024
719,6,$576.96,TXN13063,00:16:34,06/03/2024
720,4,$830.53,TXN13064,02:26:57,06/03/2024
721,1,$558.39,TXN13065,04:37:20,06/03/2024
722,2,$797.96,TXN13066,06:47:43,06/03/2024
723,3,$979.21,TXN13067,08:58:07,06/03/2024
724,6,$280.95,TXN13068,11:08:30,06/03/2024
725,5,$242.57,TXN13069,13:18:53,06/03/2024
726,1,$843.58,TXN13070,15:29:16,06/03/2024
727,5,$981.06,TXN13071,17:39:39,06/03/2024
728,1,$649.95,TXN13072,19:50:02,06/03/2024
729,2,$634.51,TXN13073,22:00:25,06/03/2024
730,4,$988.41,TXN13074,00:10:48,07/03/2024
731,5,$754.26,TXN13075,02:21:11,07/03/2024
732,4,$644.58,TXN13076,04:31:35,07/03/2024
733,4,$266.17,TXN13077,06:41:58,07/03/2024
734,6,$257.08,TXN13078,08:52:21,07/03/2024
735,6,$686.39,TXN13079,11:02:44,07/03/2024
736,1,$750.23,TXN13080,13:13:07,07/03/2024
737,6,$200.98,TXN13081,15:23:30,07/03/2024
738,3,$132.32,TXN13082,17:33:53,07/03/2024
739,2,$807.61,TXN13083,19:44:16,07/03/2024
740,1,$787.31,TXN13084,21:54:39,07/03/2024
741,5,$631.32,TXN13085,00:05:03,08/03/2024
742,2,$453.81,TXN13086,02:15:26,08/03/2024
743,4,$352.70,TXN13087,04:25:49,08/03/2024
744,4,$820.97,TXN13088,06:36:12,08/03/2024
745,3,$412.11,TXN13089,08:46:35,08/03/2024
746,1,$248.77,TXN13090,10:56:58,08/03/2024
747,5,$356.39,TXN13091,13:07:21,08/03/2024
748,4,$233.40,TXN13092,15:17:44,08/03/2024
749,2,$992.90,TXN13093,17:28:07,08/03/2024
750,4,$838.22,TXN13094,19:38:31,08/03/2024
751,1,$989.68,TXN13095,21:48:54,08/03/2024
752,2,$558.13,TXN13096,23:59:17,08/03/2024
753,1,$824.71,TXN13097,02:09:40,09/03/2024
754,4,$389.41,TXN13098,04:20:03,09/03/2024
755,1,$390.72,TXN13099,06:30:26,09/03/2024
756,4,$534.65,TXN13100,08:40:49,09/03/2024
757,1,$397.47,TXN13101,10:51:12,09/03/2024
758,3,$642.10,TXN13102,13:01:35,09/03/2024
759,1,$195.38,TXN13103,15:11:59,09/03/2024
760,1,$331.70,TXN13104,17:22:22,09/03/2024
761,1,$670.37,TXN13105,19:32:45,09/03/2024
762,3,$602.01,TXN13106,21:43:08,09/03/2024
763,3,$167.67,TXN13107,23:53:31,09/03/2024
764,6,$354.93,TXN13108,02:03:54,10/03/2024
765,5,$977.56,TXN13109,04:14:17,10/03/2024
766,4,$958.71,TXN13110,06:24:40,10/03/2024
767,6,$304.48,TXN13111,08:35:03,10/03/2024
768,6,$578.32,TXN13112,10:45:27,10/03/2024
769,2,$662.30,TXN13113,12:55:50,10/03/2024
770,1,$915.93,TXN13114,15:06:13,10/03/2024
771,3,$901.65,TXN13115,17:16:36,10/03/2024
772,3,$865.76,TXN13116,19:26:59,10/03/2024
773,4,$976.44,TXN13117,21:37:22,10/03/2024
774,6,$121.71,TXN13118,23:47:45,10/03/2024
775,3,$404.38,TXN13119,01:58:08,11/03/2024
776,6,$121.27,TXN13120,04:08:31,11/03/2024
777,4,$396.62,TXN13121,06:18:55,11/03/2024
778,1,$559.94,TXN13122,08:29:18,11/03/2024
779,4,$317.75,TXN13123,10:39:41,11/03/2024
780,1,$200.86,TXN13124,12:50:04,11/03/2024
781,6,$250.01,TXN13125,15:00:27,11/03/2024
782,1,$998.91,TXN13126,17:10:50,11/03/2024
783,1,$761.90,TXN13127,19:21:13,11/03/2024
784,4,$847.46,TXN13128,21:31:36,11/03/2024
785,5,$920.66,TXN13129,23:41:59,11/03/2024
786,4,$584.04,TXN13130,01:52:23,12/03/2024
787,2,$962.03,TXN13131,04:02:46,12/03/2024
788,1,$664.03,TXN13132,06:13:09,12/03/2024
789,2,$861.40,TXN13133,08:23:32,12/03/2024
790,2,$817.19,TXN13134,10:33:55,12/03/2024
791,1,$289.76,TXN13135,12:44:18,12/03/2024
792,3,$809.53,TXN13136,14:54:41,12/03/2024
793,6,$898.05,TXN13137,17:05:04,12/03/2024
794,5,$321.29,TXN13138,19:15:27,12/03/2024
795,1,$864.25,TXN13139,21:25:51,12/03/2024
796,1,$516.87,TXN13140,23:36:14,12/03/2024
797,3,$969.57,TXN13141,01:46:37,13/03/2024
798,3,$487.78,TXN13142,03:57:00,13/03/2024
799,2,$171.15,TXN13143,06:07:23,13/03/2024
800,5,$239.93,TXN13144,08:17:46,13/03/2024
801,2,$119.69,TXN13145,10:28:09,13/03/2024
802,3,$588.98,TXN13146,12:38:32,13/03/2024
803,2,$950.74,TXN13147,14:48:55,13/03/2024
804,5,$263.35,TXN13148,16:59:19,13/03/2024
805,2,$887.30,TXN13149,19:09:42,13/03/2024
806,2,$284.14,TXN13150,21:20:05,13/03/2024
807,4,$959.18,TXN13151,23:30:28,13/03/2024
808,4,$140.15,TXN13152,01:40:51,14/03/2024
809,1,$135.73,TXN13153,03:51:14,14/03/2024
810,5,$733.21,TXN13154,06:01:37,14/03/2024
811,6,$267.09,TXN13155,08:12:00,14/03/2024
812,4,$712.05,TXN13156,10:22:23,14/03/2024
813,6,$846.28,TXN13157,12:32:47,14/03/2024
814,3,$747.52,TXN13158,14:43:10,14/03/2024
815,1,$708.89,TXN13159,16:53:33,14/03/2024
816,5,$207.97,TXN13160,19:03:56,14/03/2024
817,2,$237.31,TXN13161,21:14:19,14/03/2024
818,6,$950.93,TXN13162,23:24:42,14/03/2024
819,6,$706.05,TXN13163,01:35:05,15/03/2024
820,3,$784.51,TXN13164,03:45:28,15/03/2024
821,3,$913.16,TXN13165,05:55:51,15/03/2024
822,6,$246.23,TXN13166,08:06:15,15/03/2024
823,5,$827.37,TXN13167,10:16:38,15/03/2024
824,2,$120.71,TXN13168,12:27:01,15/03/2024
825,3,$845.98,TXN13169,14:37:24,15/03/2024
826,1,$809.69,TXN13170,16:47:47,15/03/2024
827,5,$958.01,TXN13171,18:58:10,15/03/2024
828,1,$157.03,TXN13172,21:08:33,15/03/2024
829,6,$185.08,TXN13173,23:18:56,15/03/2024
830,1,$362.72,TXN13174,01:29:19,16/03/2024
831,6,$973.22,TXN13175,03:39:43,16/03/2024
832,6,$208.09,TXN13176,05:50:06,16/03/2024
833,3,$618.98,TXN13177,08:00:29,16/03/2024
834,1,$519.79,TXN13178,10:10:52,16/03/2024
835,3,$251.88,TXN13179,12:21:15,16/03/2024
836,2,$144.60,TXN13180,14:31:38,16/03/2024
837,2,$247.98,TXN13181,16:42:01,16/03/2024
838,2,$386.26,TXN13182,18:52:24,16/03/2024
839,3,$710.08,TXN13183,21:02:47,16/03/2024
840,6,$810.25,TXN13184,23:13:11,16/03/2024
841,2,$651.86,TXN13185,01:23:34,17/03/2024
842,6,$247.36,TXN13186,03:33:57,17/03/2024
843,6,$709.90,TXN13187,05:44:20,17/03/2024
844,5,$731.23,TXN13188,07:54:43,17/03/2024
845,2,$925.15,TXN13189,10:05:06,17/03/2024
846,3,$327.81,TXN13190,12:15:29,17/03/2024
847,4,$713.32,TXN13191,14:25:52,17/03/2024
848,1,$987.53,TXN13192,16:36:15,17/03/2024
849,3,$501.27,TXN13193,18:46:39,17/03/2024
850,4,$784.78,TXN13194,20:57:02,17/03/2024
851,5,$205.15,TXN13195,23:07:25,17/03/2024
852,3,$704.52,TXN13196,01:17:48,18/03/2024
853,5,$217.97,TXN13197,03:28:11,18/03/2024
854,6,$768.03,TXN13198,05:38:34,18/03/2024
855,4,$549.20,TXN13199,07:48:57,18/03/2024
856,6,$589.04,TXN13200,09:59:20,18/03/2024
857,3,$893.37,TXN13201,12:09:43,18/03/2024
858,2,$664.31,TXN13202,14:20:07,18/03/2024
859,1,$471.60,TXN13203,16:30:30,18/03/2024
860,4,$497.43,TXN13204,18:40:53,18/03/2024
861,3,$588.03,TXN13205,20:51:16,18/03/2024
862,2,$697.83,TXN13206,23:01:39,18/03/2024
863,4,$169.38,TXN13207,01:12:02,19/03/2024
864,2,$731.80,TXN13208,03:22:25,19/03/2024
865,5,$510.33,TXN13209,05:32:48,19/03/2024
866,6,$159.07,TXN13210,07:43:11,19/03/2024
867,2,$458.35,TXN13211,09:53:35,19/03/2024
868,3,$981.39,TXN13212,12:03:58,19/03/2024
869,4,$227.31,TXN13213,14:14:21,19/03/2024
870,5,$217.34,TXN13214,16:24:44,19/03/2024
871,1,$472.36,TXN13215,18:35:07,19/03/2024
872,3,$927.43,TXN13216,20:45:30,19/03/2024
873,1,$766.24,TXN13217,22:55:53,19/03/2024
874,5,$210.24,TXN13218,01:06:16,20/03/2024
875,3,$746.87,TXN13219,03:16:40,20/03/2024
876,2,$589.72,TXN13220,05:27:03,20/03/2024
877,6,$802.08,TXN13221,07:37:26,20/03/2024
878,4,$891.54,TXN13222,09:47:49,20/03/2024
879,4,$572.75,TXN13223,11:58:12,20/03/2024
880,4,$296.90,TXN13224,14:08:35,20/03/2024
881,5,$146.89,TXN13225,16:18:58,20/03/2024
882,2,$979.37,TXN13226,18:29:21,20/03/2024
883,6,$834.74,TXN13227,20:39:44,20/03/2024
884,1,$996.11,TXN13228,22:50:08,20/03/2024
885,6,$868.51,TXN13229,01:00:31,21/03/2024
886,2,$201.83,TXN13230,03:10:54,21/03/2024
887,2,$921.71,TXN13231,05:21:17,21/03/2024
888,1,$218.73,TXN13232,07:31:40,21/03/2024
889,6,$421.84,TXN13233,09:42:03,21/03/2024
890,3,$465.90,TXN13234,11:52:26,21/03/2024
891,3,$117.99,TXN13235,14:02:49,21/03/2024
892,4,$202.25,TXN13236,16:13:12,21/03/2024
893,3,$921.17,TXN13237,18:23:36,21/03/2024
894,6,$920.66,TXN13238,20:33:59,21/03/2024
895,6,$876.20,TXN13239,22:44:22,21/03/2024
896,2,$229.85,TXN13240,00:54:45,22/03/2024
897,5,$377.78,TXN13241,03:05:08,22/03/2024
898,5,$338.30,TXN13242,05:15:31,22/03/2024
899,1,$683.24,TXN13243,07:25:54,22/03/2024
900,4,$854.39,TXN13244,09:36:17,22/03/2024
901,5,$941.72,TXN13245,11:46:40,22/03/2024
902,2,$404.01,TXN13246,13:57:04,22/03/2024
903,4,$428.90,TXN13247,16:07:27,22/03/2024
904,1,$810.53,TXN13248,18:17:50,22/03/2024
905,2,$531.53,TXN13249,20:28:13,22/03/2024
906,3,$888.78,TXN13250,22:38:36,22/03/2024
907,1,$487.18,TXN13251,00:48:59,23/03/2024
908,3,$979.91,TXN13252,02:59:22,23/03/2024
909,4,$581.42,TXN13253,05:09:45,23/03/2024
910,6,$739.11,TXN13254,07:20:08,23/03/2024
911,2,$437.48,TXN13255,09:30:32,23/03/2024
912,4,$607.36,TXN13256,11:40:55,23/03/2024
913,6,$945.71,TXN13257,13:51:18,23/03/2024
914,1,$242.23,TXN13258,16:01:41,23/03/2024
915,5,$979.71,TXN13259,18:12:04,23/03/2024
916,1,$603.14,TXN13260,20:22:27,23/03/2024
917,5,$862.95,TXN13261,22:32:50,23/03/2024
918,4,$610.33,TXN13262,00:43:13,24/03/2024
919,6,$591.75,TXN13263,02:53:36,24/03/2024
920,2,$927.16,TXN13264,05:04:00,24/03/2024
921,3,$431.17,TXN13265,07:14:23,24/03/2024
922,2,$437.16,TXN13266,09:24:46,24/03/2024
923,2,$891.63,TXN13267,11:35:09,24/03/2024
924,1,$845.29,TXN13268,13:45:32,24/03/2024
925,1,$397.39,TXN13269,15:55:55,24/03/2024
926,1,$350.48,TXN13270,18:06:18,24/03/2024
927,1,$210.67,TXN13271,20:16:41,24/03/2024
928,4,$603.68,TXN13272,22:27:04,24/03/2024
929,1,$552.66,TXN13273,00:37:28,25/03/2024
930,4,$565.93,TXN13274,02:47:51,25/03/2024
931,6,$831.89,TXN13275,04:58:14,25/03/2024
932,4,$794.34,TXN13276,07:08:37,25/03/2024
933,5,$614.06,TXN13277,09:19:00,25/03/2024
934,5,$195.84,TXN13278,11:29:23,25/03/2024
935,2,$471.54,TXN13279,13:39:46,25/03/2024
936,4,$603.86,TXN13280,15:50:09,25/03/2024
937,5,$554.34,TXN13281,18:00:32,25/03/2024
938,6,$914.06,TXN13282,20:10:56,25/03/2024
939,1,$857.06,TXN13283,22:21:19,25/03/2024
940,6,$194.34,TXN13284,00:31:42,26/03/2024
941,1,$984.45,TXN13285,02:42:05,26/03/2024
942,3,$442.59,TXN13286,04:52:28,26/03/2024
943,2,$891.48,TXN13287,07:02:51,26/03/2024
944,2,$469.22,TXN13288,09:13:14,26/03/2024
945,5,$361.51,TXN13289,11:23:37,26/03/2024
946,6,$736.92,TXN13290,13:34:00,26/03/2024
947,6,$522.34,TXN13291,15:44:24,26/03/2024
948,2,$741.20,TXN13292,17:54:47,26/03/2024
949,3,$246.36,TXN13293,20:05:10,26/03/2024
950,4,$722.37,TXN13294,22:15:33,26/03/2024
951,6,$790.32,TXN13295,00:25:56,27/03/2024
952,1,$358.49,TXN13296,02:36:19,27/03/2024
953,1,$890.08,TXN13297,04:46:42,27/03/2024
954,5,$822.30,TXN13298,06:57:05,27/03/2024
955,5,$700.61,TXN13299,09:07:28,27/03/2024
956,3,$241.01,TXN13300,11:17:52,27/03/2024
957,2,$988.49,TXN13301,13:28:15,27/03/2024
958,5,$846.58,TXN13302,15:38:38,27/03/2024
959,3,$553.22,TXN13303,17:49:01,27/03/2024
960,3,$968.07,TXN13304,19:59:24,27/03/2024
961,3,$394.39,TXN13305,22:09:47,27/03/2024
962,1,$885.79,TXN13306,00:20:10,28/03/2024
963,1,$442.69,TXN13307,02:30:33,28/03/2024
964,2,$633.14,TXN13308,04:40:56,28/03/2024
965,2,$172.91,TXN13309,06:51:20,28/03/2024
966,4,$310.67,TXN13310,09:01:43,28/03/2024
967,5,$347.43,TXN13311,11:12:06,28/03/2024
968,4,$892.15,TXN13312,13:22:29,28/03/2024
969,3,$856.96,TXN13313,15:32:52,28/03/2024
970,6,$949.24,TXN13314,17:43:15,28/03/2024
971,1,$633.55,TXN13315,19:53:38,28/03/2024
972,5,$852.74,TXN13316,22:04:01,28/03/2024
973,3,$759.21,TXN13317,00:14:24,29/03/2024
974,5,$720.24,TXN13318,02:24:48,29/03/2024
975,2,$200.87,TXN13319,04:35:11,29/03/2024
976,4,$710.38,TXN13320,06:45:34,29/03/2024
977,2,$149.56,TXN13321,08:55:57,29/03/2024
978,6,$567.22,TXN13322,11:06:20,29/03/2024
979,5,$109.36,TXN13323,13:16:43,29/03/2024
980,1,$246.99,TXN13324,15:27:06,29/03/2024
981,1,$717.52,TXN13325,17:37:29,29/03/2024
982,4,$321.18,TXN13326,19:47:52,29/03/2024
983,1,$172.99,TXN13327,21:58:16,29/03/2024
984,6,$427.95,TXN13328,00:08:39,30/03/2024
985,3,$833.57,TXN13329,02:19:02,30/03/2024
986,6,$948.07,TXN13330,04:29:25,30/03/2024
987,1,$292.06,TXN13331,06:39:48,30/03/2024
988,4,$368.46,TXN13332,08:50:11,30/03/2024
989,3,$431.42,TXN13333,11:00:34,30/03/2024
990,4,$931.96,TXN13334,13:10:57,30/03/2024
991,4,$721.49,TXN13335,15:21:20,30/03/2024
992,1,$180.40,TXN13336,17:31:44,30/03/2024
993,6,$966.27,TXN13337,19:42:07,30/03/2024
994,5,$353.79,TXN13338,21:52:30,30/03/2024
995,6,$501.07,TXN13339,00:02:53,31/03/2024
996,4,$985.43,TXN13340,02:13:16,31/03/2024
997,3,$483.50,TXN13341,04:23:39,31/03/2024
998,3,$699.05,TXN13342,06:34:02,31/03/2024
999,6,$771.73,TXN13343,08:44:25,31/03/2024
1000,3,$885.27,TXN13344,10:54:48,31/03/2024
1001,6,$505.20,TXN13345,13:05:12,31/03/2024
1002,3,$185.49,TXN13346,15:15:35,31/03/2024
1003,4,$421.81,TXN13347,17:25:58,31/03/2024
1004,5,$616.57,TXN13348,19:36:21,31/03/2024
1005,5,$766.99,TXN13349,21:46:44,31/03/2024
1006,1,$702.19,TXN13350,23:57:07,31/03/2024
1007,6,$621.11,TXN13351,02:07:30,01/04/2024
1008,2,$394.55,TXN13352,04:17:53,01/04/2024
1009,2,$411.14,TXN13353,06:28:16,01/04/2024
1010,3,$803.71,TXN13354,08:38:40,01/04/2024
1011,2,$636.96,TXN13355,10:49:03,01/04/2024
1012,3,$615.78,TXN13356,12:59:26,01/04/2024
1013,4,$635.99,TXN13357,15:09:49,01/04/2024
1014,2,$782.59,TXN13358,17:20:12,01/04/2024
1015,6,$955.66,TXN13359,19:30:35,01/04/2024
1016,4,$372.33,TXN13360,21:40:58,01/04/2024
1017,5,$984.42,TXN13361,23:51:21,01/04/2024
1018,4,$473.67,TXN13362,02:01:44,02/04/2024
1019,6,$989.98,TXN13363,04:12:08,02/04/2024
1020,5,$250.92,TXN13364,06:22:31,02/04/2024
1021,2,$894.56,TXN13365,08:32:54,02/04/2024
1022,4,$376.44,TXN13366,10:43:17,02/04/2024
1023,6,$744.14,TXN13367,12:53:40,02/04/2024
1024,3,$844.14,TXN13368,15:04:03,02/04/2024
1025,2,$252.12,TXN13369,17:14:26,02/04/2024
1026,5,$228.79,TXN13370,19:24:49,02/04/2024
1027,5,$286.41,TXN13371,21:35:12,02/04/2024
1028,1,$741.66,TXN13372,23:45:36,02/04/2024
1029,5,$979.69,TXN13373,01:55:59,03/04/2024
1030,4,$469.59,TXN13374,04:06:22,03/04/2024
1031,3,$187.77,TXN13375,06:16:45,03/04/2024
1032,2,$544.39,TXN13376,08:27:08,03/04/2024
1033,5,$201.84,TXN13377,10:37:31,03/04/2024
1034,3,$274.08,TXN13378,12:47:54,03/04/2024
1035,6,$443.83,TXN13379,14:58:17,03/04/2024
1036,3,$363.11,TXN13380,17:08:40,03/04/2024
1037,4,$843.37,TXN13381,19:19:04,03/04/2024
1038,3,$907.09,TXN13382,21:29:27,03/04/2024
1039,2,$894.32,TXN13383,23:39:50,03/04/2024
1040,1,$929.33,TXN13384,01:50:13,04/04/2024
1041,4,$287.97,TXN13385,04:00:36,04/04/2024
1042,5,$412.67,TXN13386,06:10:59,04/04/2024
1043,3,$731.86,TXN13387,08:21:22,04/04/2024
1044,2,$339.16,TXN13388,10:31:45,04/04/2024
1045,6,$328.22,TXN13389,12:42:08,04/04/2024
1046,5,$333.03,TXN13390,14:52:32,04/04/2024
1047,4,$656.35,TXN13391,17:02:55,04/04/2024
1048,3,$510.54,TXN13392,19:13:18,04/04/2024
1049,2,$832.20,TXN13393,21:23:41,04/04/2024
1050,4,$764.43,TXN13394,23:34:04,04/04/2024
1051,1,$357.23,TXN13395,01:44:27,05/04/2024
1052,4,$426.07,TXN13396,03:54:50,05/04/2024
1053,5,$706.99,TXN13397,06:05:13,05/04/2024
1054,6,$408.84,TXN13398,08:15:36,05/04/2024
1055,5,$692.09,TXN13399,10:26:00,05/04/2024
1056,3,$958.98,TXN13400,12:36:23,05/04/2024
1057,3,$534.71,TXN13401,14:46:46,05/04/2024
1058,5,$765.51,TXN13402,16:57:09,05/04/2024
1059,3,$568.49,TXN13403,19:07:32,05/04/2024
1060,4,$705.99,TXN13404,21:17:55,05/04/2024
1061,5,$824.44,TXN13405,23:28:18,05/04/2024
1062,1,$797.48,TXN13406,01:38:41,06/04/2024
1063,1,$217.59,TXN13407,03:49:04,06/04/2024
1064,4,$107.29,TXN13408,05:59:28,06/04/2024
1065,6,$694.15,TXN13409,08:09:51,06/04/2024
1066,2,$755.52,TXN13410,10:20:14,06/04/2024
1067,5,$310.26,TXN13411,12:30:37,06/04/2024
1068,3,$965.67,TXN13412,14:41:00,06/04/2024
1069,2,$782.44,TXN13413,16:51:23,06/04/2024
1070,1,$560.96,TXN13414,19:01:46,06/04/2024
1071,1,$187.26,TXN13415,21:12:09,06/04/2024
1072,1,$639.47,TXN13416,23:22:32,06/04/2024
1073,4,$208.25,TXN13417,01:32:56,07/04/2024
1074,1,$718.64,TXN13418,03:43:19,07/04/2024
1075,1,$480.24,TXN13419,05:53:42,07/04/2024
1076,2,$657.06,TXN13420,08:04:05,07/04/2024
1077,3,$993.17,TXN13421,10:14:28,07/04/2024
1078,4,$381.77,TXN13422,12:24:51,07/04/2024
1079,3,$758.72,TXN13423,14:35:14,07/04/2024
1080,4,$654.62,TXN13424,16:45:37,07/04/2024
1081,4,$870.56,TXN13425,18:56:00,07/04/2024
1082,3,$992.65,TXN13426,21:06:24,07/04/2024
1083,6,$913.51,TXN13427,23:16:47,07/04/2024
1084,6,$177.40,TXN13428,01:27:10,08/04/2024
1085,6,$648.29,TXN13429,03:37:33,08/04/2024
1086,3,$377.06,TXN13430,05:47:56,08/04/2024
1087,5,$942.30,TXN13431,07:58:19,08/04/2024
1088,1,$430.45,TXN13432,10:08:42,08/04/2024
1089,2,$722.53,TXN13433,12:19:05,08/04/2024
1090,1,$371.04,TXN13434,14:29:28,08/04/2024
1091,5,$542.35,TXN13435,16:39:52,08/04/2024
1092,4,$759.44,TXN13436,18:50:15,08/04/2024
1093,3,$985.18,TXN13437,21:00:38,08/04/2024
1094,5,$946.94,TXN13438,23:11:01,08/04/2024
1095,2,$721.94,TXN13439,01:21:24,09/04/2024
1096,3,$145.65,TXN13440,03:31:47,09/04/2024
1097,3,$201.45,TXN13441,05:42:10,09/04/2024
1098,4,$935.39,TXN13442,07:52:33,09/04/2024
1099,6,$472.37,TXN13443,10:02:56,09/04/2024
1100,6,$647.74,TXN13444,12:13:20,09/04/2024
1101,6,$873.07,TXN13445,14:23:43,09/04/2024
1102,5,$881.70,TXN13446,16:34:06,09/04/2024
1103,3,$447.85,TXN13447,18:44:29,09/04/2024
1104,4,$627.99,TXN13448,20:54:52,09/04/2024
1105,2,$719.62,TXN13449,23:05:15,09/04/2024
1106,4,$496.77,TXN13450,01:15:38,10/04/2024
1107,6,$605.60,TXN13451,03:26:01,10/04/2024
1108,3,$587.11,TXN13452,05:36:24,10/04/2024
1109,1,$808.13,TXN13453,07:46:48,10/04/2024
1110,2,$823.12,TXN13454,09:57:11,10/04/2024
1111,4,$938.92,TXN13455,12:07:34,10/04/2024
1112,3,$947.63,TXN13456,14:17:57,10/04/2024
1113,4,$950.10,TXN13457,16:28:20,10/04/2024
1114,1,$114.55,TXN13458,18:38:43,10/04/2024
1115,5,$280.99,TXN13459,20:49:06,10/04/2024
1116,4,$550.31,TXN13460,22:59:29,10/04/2024
1117,6,$168.25,TXN13461,01:09:52,11/04/2024
1118,6,$997.27,TXN13462,03:20:16,11/04/2024
1119,2,$879.86,TXN13463,05:30:39,11/04/2024
1120,2,$143.34,TXN13464,07:41:02,11/04/2024
1121,5,$899.05,TXN13465,09:51:25,11/04/2024
1122,3,$391.19,TXN13466,12:01:48,11/04/2024
1123,1,$970.03,TXN13467,14:12:11,11/04/2024
1124,1,$399.06,TXN13468,16:22:34,11/04/2024
1125,3,$303.11,TXN13469,18:32:57,11/04/2024
1126,2,$359.48,TXN13470,20:43:20,11/04/2024
1127,6,$627.53,TXN13471,22:53:44,11/04/2024
1128,5,$602.44,TXN13472,01:04:07,12/04/2024
1129,3,$579.50,TXN13473,03:14:30,12/04/2024
1130,5,$161.18,TXN13474,05:24:53,12/04/2024
1131,4,$741.54,TXN13475,07:35:16,12/04/2024
1132,4,$383.94,TXN13476,09:45:39,12/04/2024
1133,1,$578.83,TXN13477,11:56:02,12/04/2024
1134,2,$694.25,TXN13478,14:06:25,12/04/2024
1135,5,$855.26,TXN13479,16:16:49,12/04/2024
1136,1,$378.12,TXN13480,18:27:12,12/04/2024
1137,3,$529.24,TXN13481,20:37:35,12/04/2024
1138,3,$682.37,TXN13482,22:47:58,12/04/2024
1139,1,$649.90,TXN13483,00:58:21,13/04/2024
1140,1,$844.93,TXN13484,03:08:44,13/04/2024
1141,5,$349.59,TXN13485,05:19:07,13/04/2024
1142,1,$157.84,TXN13486,07:29:30,13/04/2024
1143,4,$342.98,TXN13487,09:39:53,13/04/2024
1144,5,$928.94,TXN13488,11:50:17,13/04/2024
1145,6,$563.49,TXN13489,14:00:40,13/04/2024
1146,1,$219.47,TXN13490,16:11:03,13/04/2024
1147,2,$943.55,TXN13491,18:21:26,13/04/2024
1148,6,$116.34,TXN13492,20:31:49,13/04/2024
1149,6,$456.24,TXN13493,22:42:12,13/04/2024
1150,6,$409.47,TXN13494,00:52:35,14/04/2024
1151,3,$858.61,TXN13495,03:02:58,14/04/2024
1152,4,$397.87,TXN13496,05:13:21,14/04/2024
1153,1,$643.81,TXN13497,07:23:45,14/04/2024
1154,4,$510.59,TXN13498,09:34:08,14/04/2024
1155,3,$348.69,TXN13499,11:44:31,14/04/2024
1156,2,$995.23,TXN13500,13:54:54,14/04/2024
1157,6,$481.91,TXN13501,16:05:17,14/04/2024
1158,1,$432.14,TXN13502,18:15:40,14/04/2024
1159,4,$655.71,TXN13503,20:26:03,14/04/2024
1160,5,$383.59,TXN13504,22:36:26,14/04/2024
1161,4,$555.13,TXN13505,00:46:49,15/04/2024
1162,4,$521.92,TXN13506,02:57:13,15/04/2024
1163,5,$713.93,TXN13507,05:07:36,15/04/2024
1164,1,$514.28,TXN13508,07:17:59,15/04/2024
1165,1,$339.36,TXN13509,09:28:22,15/04/2024
1166,1,$927.94,TXN13510,11:38:45,15/04/2024
1167,3,$327.25,TXN13511,13:49:08,15/04/2024
1168,5,$761.94,TXN13512,15:59:31,15/04/2024
1169,2,$184.53,TXN13513,18:09:54,15/04/2024
1170,6,$523.40,TXN13514,20:20:17,15/04/2024
1171,5,$613.70,TXN13515,22:30:41,15/04/2024
1172,5,$496.14,TXN13516,00:41:04,16/04/2024
1173,5,$878.28,TXN13517,02:51:27,16/04/2024
1174,4,$738.36,TXN13518,05:01:50,16/04/2024
1175,3,$884.57,TXN13519,07:12:13,16/04/2024
1176,5,$796.78,TXN13520,09:22:36,16/04/2024
1177,4,$256.66,TXN13521,11:32:59,16/04/2024
1178,5,$845.70,TXN13522,13:43:22,16/04/2024
1179,3,$444.91,TXN13523,15:53:45,16/04/2024
1180,4,$162.24,TXN13524,18:04:09,16/04/2024
1181,6,$217.68,TXN13525,20:14:32,16/04/2024
1182,2,$998.17,TXN13526,22:24:55,16/04/2024
1183,2,$249.79,TXN13527,00:35:18,17/04/2024
1184,3,$395.12,TXN13528,02:45:41,17/04/2024
1185,5,$277.60,TXN13529,04:56:04,17/04/2024
1186,1,$675.19,TXN13530,07:06:27,17/04/2024
1187,6,$312.34,TXN13531,09:16:50,17/04/2024
1188,6,$338.21,TXN13532,11:27:13,17/04/2024
1189,5,$982.84,TXN13533,13:37:37,17/04/2024
1190,6,$390.08,TXN13534,15:48:00,17/04/2024
1191,4,$888.02,TXN13535,17:58:23,17/04/2024
1192,2,$934.96,TXN13536,20:08:46,17/04/2024
1193,6,$114.43,TXN13537,22:19:09,17/04/2024
1194,1,$915.46,TXN13538,00:29:32,18/04/2024
1195,6,$672.12,TXN13539,02:39:55,18/04/2024
1196,4,$185.24,TXN13540,04:50:18,18/04/2024
1197,1,$785.72,TXN13541,07:00:41,18/04/2024
1198,5,$343.10,TXN13542,09:11:05,18/04/2024
1199,6,$105.00,TXN13543,11:21:28,18/04/2024
1200,3,$809.54,TXN13544,13:31:51,18/04/2024
1201,1,$670.60,TXN13545,15:42:14,18/04/2024
1202,1,$169.79,TXN13546,17:52:37,18/04/2024
1203,3,$135.40,TXN13547,20:03:00,18/04/2024
1204,6,$684.21,TXN13548,22:13:23,18/04/2024
1205,1,$202.64,TXN13549,00:23:46,19/04/2024
1206,5,$757.19,TXN13550,02:34:09,19/04/2024
1207,6,$950.07,TXN13551,04:44:33,19/04/2024
1208,1,$979.71,TXN13552,06:54:56,19/04/2024
1209,2,$968.74,TXN13553,09:05:19,19/04/2024
1210,5,$337.64,TXN13554,11:15:42,19/04/2024
1211,4,$269.55,TXN13555,13:26:05,19/04/2024
1212,2,$135.66,TXN13556,15:36:28,19/04/2024
1213,1,$795.83,TXN13557,17:46:51,19/04/2024
1214,5,$287.07,TXN13558,19:57:14,19/04/2024
1215,3,$536.84,TXN13559,22:07:37,19/04/2024
1216,2,$695.15,TXN13560,00:18:01,20/04/2024
1217,5,$427.79,TXN13561,02:28:24,20/04/2024
1218,4,$111.38,TXN13562,04:38:47,20/04/2024
1219,6,$795.24,TXN13563,06:49:10,20/04/2024
1220,2,$461.02,TXN13564,08:59:33,20/04/2024
1221,6,$668.90,TXN13565,11:09:56,20/04/2024
1222,2,$464.38,TXN13566,13:20:19,20/04/2024
1223,4,$790.57,TXN13567,15:30:42,20/04/2024
1224,2,$600.96,TXN13568,17:41:05,20/04/2024
1225,3,$213.47,TXN13569,19:51:29,20/04/2024
1226,3,$711.17,TXN13570,22:01:52,20/04/2024
1227,5,$871.91,TXN13571,00:12:15,21/04/2024
1228,1,$167.10,TXN13572,02:22:38,21/04/2024
1229,3,$120.54,TXN13573,04:33:01,21/04/2024
1230,6,$999.87,TXN13574,06:43:24,21/04/2024
1231,4,$272.11,TXN13575,08:53:47,21/04/2024
1232,2,$245.62,TXN13576,11:04:10,21/04/2024
1233,5,$215.03,TXN13577,13:14:33,21/04/2024
1234,5,$205.24,TXN13578,15:24:57,21/04/2024
1235,2,$477.63,TXN13579,17:35:20,21/04/2024
1236,1,$897.67,TXN13580,19:45:43,21/04/2024
1237,3,$196.65,TXN13581,21:56:06,21/04/2024
1238,4,$246.53,TXN13582,00:06:29,22/04/2024
1239,1,$201.68,TXN13583,02:16:52,22/04/2024
1240,2,$806.96,TXN13584,04:27:15,22/04/2024
1241,5,$661.08,TXN13585,06:37:38,22/04/2024
1242,4,$758.88,TXN13586,08:48:01,22/04/2024
1243,4,$970.77,TXN13587,10:58:25,22/04/2024
1244,5,$793.51,TXN13588,13:08:48,22/04/2024
1245,3,$447.85,TXN13589,15:19:11,22/04/2024
1246,1,$918.17,TXN13590,17:29:34,22/04/2024
1247,5,$197.97,TXN13591,19:39:57,22/04/2024
1248,6,$500.26,TXN13592,21:50:20,22/04/2024
1249,2,$678.77,TXN13593,00:00:43,23/04/2024
1250,4,$403.76,TXN13594,02:11:06,23/04/2024
1251,1,$570.99,TXN13595,04:21:29,23/04/2024
1252,6,$953.74,TXN13596,06:31:53,23/04/2024
1253,4,$660.42,TXN13597,08:42:16,23/04/2024
1254,1,$674.82,TXN13598,10:52:39,23/04/2024
1255,4,$310.19,TXN13599,13:03:02,23/04/2024
1256,5,$369.69,TXN13600,15:13:25,23/04/2024
1257,1,$984.03,TXN13601,17:23:48,23/04/2024
1258,3,$669.51,TXN13602,19:34:11,23/04/2024
1259,2,$792.30,TXN13603,21:44:34,23/04/2024
1260,2,$429.14,TXN13604,23:54:57,23/04/2024
1261,1,$884.34,TXN13605,02:05:21,24/04/2024
1262,6,$552.71,TXN13606,04:15:44,24/04/2024
1263,5,$693.31,TXN13607,06:26:07,24/04/2024
1264,2,$773.67,TXN13608,08:36:30,24/04/2024
1265,3,$738.98,TXN13609,10:46:53,24/04/2024
1266,1,$592.66,TXN13610,12:57:16,24/04/2024
1267,2,$967.42,TXN13611,15:07:39,24/04/2024
1268,4,$937.87,TXN13612,17:18:02,24/04/2024
1269,2,$892.25,TXN13613,19:28:25,24/04/2024
1270,3,$397.92,TXN13614,21:38:49,24/04/2024
1271,5,$529.00,TXN13615,23:49:12,24/04/2024
1272,3,$279.41,TXN13616,01:59:35,25/04/2024
1273,6,$143.84,TXN13617,04:09:58,25/04/2024
1274,5,$961.21,TXN13618,06:20:21,25/04/2024
1275,1,$604.85,TXN13619,08:30:44,25/04/2024
1276,4,$837.17,TXN13620,10:41:07,25/04/2024
1277,2,$779.18,TXN13621,12:51:30,25/04/2024
1278,1,$938.88,TXN13622,15:01:53,25/04/2024
1279,5,$441.52,TXN13623,17:12:17,25/04/2024
1280,1,$883.12,TXN13624,19:22:40,25/04/2024
1281,1,$661.79,TXN13625,21:33:03,25/04/2024
1282,3,$130.58,TXN13626,23:43:26,25/04/2024
1283,2,$474.04,TXN13627,01:53:49,26/04/2024
1284,6,$908.54,TXN13628,04:04:12,26/04/2024
1285,3,$467.57,TXN13629,06:14:35,26/04/2024
1286,5,$955.18,TXN13630,08:24:58,26/04/2024
1287,1,$723.59,TXN13631,10:35:21,26/04/2024
1288,5,$518.06,TXN13632,12:45:45,26/04/2024
1289,2,$196.48,TXN13633,14:56:08,26/04/2024
1290,2,$756.68,TXN13634,17:06:31,26/04/2024
1291,1,$327.80,TXN13635,19:16:54,26/04/2024
1292,1,$238.75,TXN13636,21:27:17,26/04/2024
1293,5,$999.55,TXN13637,23:37:40,26/04/2024
1294,1,$574.94,TXN13638,01:48:03,27/04/2024
1295,3,$624.10,TXN13639,03:58:26,27/04/2024
1296,5,$577.67,TXN13640,06:08:49,27/04/2024
1297,3,$719.18,TXN13641,08:19:13,27/04/2024
1298,6,$983.73,TXN13642,10:29:36,27/04/2024
1299,5,$775.82,TXN13643,12:39:59,27/04/2024
1300,3,$550.48,TXN13644,14:50:22,27/04/2024
1301,6,$594.59,TXN13645,17:00:45,27/04/2024
1302,3,$228.70,TXN13646,19:11:08,27/04/2024
1303,3,$929.52,TXN13647,21:21:31,27/04/2024
1304,5,$765.28,TXN13648,23:31:54,27/04/2024
1305,4,$732.59,TXN13649,01:42:17,28/04/2024
1306,5,$119.11,TXN13650,03:52:41,28/04/2024
1307,1,$963.02,TXN13651,06:03:04,28/04/2024
1308,4,$897.90,TXN13652,08:13:27,28/04/2024
1309,3,$918.96,TXN13653,10:23:50,28/04/2024
1310,3,$873.30,TXN13654,12:34:13,28/04/2024
1311,1,$946.84,TXN13655,14:44:36,28/04/2024
1312,6,$366.03,TXN13656,16:54:59,28/04/2024
1313,5,$355.00,TXN13657,19:05:22,28/04/2024
1314,5,$186.28,TXN13658,21:15:45,28/04/2024
1315,4,$378.19,TXN13659,23:26:09,28/04/2024
1316,4,$759.46,TXN13660,01:36:32,29/04/2024
1317,1,$854.87,TXN13661,03:46:55,29/04/2024
1318,2,$374.43,TXN13662,05:57:18,29/04/2024
1319,3,$633.38,TXN13663,08:07:41,29/04/2024
1320,2,$876.33,TXN13664,10:18:04,29/04/2024
1321,6,$924.78,TXN13665,12:28:27,29/04/2024
1322,4,$536.87,TXN13666,14:38:50,29/04/2024
1323,1,$283.88,TXN13667,16:49:13,29/04/2024
1324,1,$978.39,TXN13668,18:59:37,29/04/2024
1325,6,$907.99,TXN13669,21:10:00,29/04/2024
1326,1,$551.49,TXN13670,23:20:23,29/04/2024
1327,4,$454.38,TXN13671,01:30:46,30/04/2024
1328,4,$379.20,TXN13672,03:41:09,30/04/2024
1329,1,$513.54,TXN13673,05:51:32,30/04/2024
1330,2,$624.27,TXN13674,08:01:55,30/04/2024
1331,6,$110.09,TXN13675,10:12:18,30/04/2024
1332,5,$252.36,TXN13676,12:22:41,30/04/2024
1333,2,$188.34,TXN13677,14:33:05,30/04/2024
1334,6,$576.43,TXN13678,16:43:28,30/04/2024
1335,6,$912.00,TXN13679,18:53:51,30/04/2024
1336,6,$308.77,TXN13680,21:04:14,30/04/2024
1337,3,$885.75,TXN13681,23:14:37,30/04/2024
1338,3,$623.26,TXN13682,01:25:00,01/05/2024
1339,6,$282.20,TXN13683,03:35:23,01/05/2024
1340,4,$500.86,TXN13684,05:45:46,01/05/2024
1341,3,$891.87,TXN13685,07:56:09,01/05/2024
1342,3,$872.63,TXN13686,10:06:33,01/05/2024
1343,1,$835.93,TXN13687,12:16:56,01/05/2024
1344,5,$581.58,TXN13688,14:27:19,01/05/2024
1345,3,$155.16,TXN13689,16:37:42,01/05/2024
1346,6,$953.25,TXN13690,18:48:05,01/05/2024
1347,2,$454.50,TXN13691,20:58:28,01/05/2024
1348,3,$185.34,TXN13692,23:08:51,01/05/2024
1349,3,$923.14,TXN13693,01:19:14,02/05/2024
1350,3,$963.64,TXN13694,03:29:37,02/05/2024
1351,5,$553.39,TXN13695,05:40:01,02/05/2024
1352,5,$644.13,TXN13696,07:50:24,02/05/2024
1353,2,$119.37,TXN13697,10:00:47,02/05/2024
1354,5,$670.40,TXN13698,12:11:10,02/05/2024
1355,3,$873.08,TXN13699,14:21:33,02/05/2024
1356,2,$378.91,TXN13700,16:31:56,02/05/2024
1357,6,$625.00,TXN13701,18:42:19,02/05/2024
1358,2,$849.84,TXN13702,20:52:42,02/05/2024
1359,4,$865.10,TXN13703,23:03:05,02/05/2024
1360,3,$235.42,TXN13704,01:13:29,03/05/2024
1361,5,$286.75,TXN13705,03:23:52,03/05/2024
1362,6,$543.14,TXN13706,05:34:15,03/05/2024
1363,1,$564.08,TXN13707,07:44:38,03/05/2024
1364,5,$264.61,TXN13708,09:55:01,03/05/2024
1365,5,$312.89,TXN13709,12:05:24,03/05/2024
1366,3,$349.60,TXN13710,14:15:47,03/05/2024
1367,4,$820.04,TXN13711,16:26:10,03/05/2024
1368,1,$614.59,TXN13712,18:36:33,03/05/2024
1369,4,$447.65,TXN13713,20:46:57,03/05/2024
1370,3,$309.30,TXN13714,22:57:20,03/05/2024
1371,1,$902.63,TXN13715,01:07:43,04/05/2024
1372,1,$680.12,TXN13716,03:18:06,04/05/2024
1373,6,$816.32,TXN13717,05:28:29,04/05/2024
1374,3,$132.13,TXN13718,07:38:52,04/05/2024
1375,3,$947.38,TXN13719,09:49:15,04/05/2024
1376,4,$101.99,TXN13720,11:59:38,04/05/2024
1377,3,$921.45,TXN13721,14:10:02,04/05/2024
1378,5,$773.08,TXN13722,16:20:25,04/05/2024
1379,3,$285.16,TXN13723,18:30:48,04/05/2024
1380,3,$570.97,TXN13724,20:41:11,04/05/2024
1381,6,$269.28,TXN13725,22:51:34,04/05/2024
1382,2,$471.45,TXN13726,01:01:57,05/05/2024
1383,2,$290.19,TXN13727,03:12:20,05/05/2024
1384,1,$959.66,TXN13728,05:22:43,05/05/2024
1385,6,$878.95,TXN13729,07:33:06,05/05/2024
1386,1,$251.01,TXN13730,09:43:30,05/05/2024
1387,6,$352.26,TXN13731,11:53:53,05/05/2024
1388,6,$791.46,TXN13732,14:04:16,05/05/2024
1389,5,$805.59,TXN13733,16:14:39,05/05/2024
1390,4,$671.30,TXN13734,18:25:02,05/05/2024
1391,3,$722.69,TXN13735,20:35:25,05/05/2024
1392,5,$462.49,TXN13736,22:45:48,05/05/2024
1393,3,$804.74,TXN13737,00:56:11,06/05/2024
1394,5,$975.90,TXN13738,03:06:34,06/05/2024
1395,1,$626.37,TXN13739,05:16:58,06/05/2024
1396,1,$372.36,TXN13740,07:27:21,06/05/2024
1397,3,$742.39,TXN13741,09:37:44,06/05/2024
1398,4,$372.24,TXN13742,11:48:07,06/05/2024
1399,1,$918.93,TXN13743,13:58:30,06/05/2024
1400,4,$151.03,TXN13744,16:08:53,06/05/2024
1401,4,$308.52,TXN13745,18:19:16,06/05/2024
1402,3,$213.51,TXN13746,20:29:39,06/05/2024
1403,6,$490.87,TXN13747,22:40:02,06/05/2024
1404,2,$516.79,TXN13748,00:50:26,07/05/2024
1405,6,$631.44,TXN13749,03:00:49,07/05/2024
1406,3,$186.40,TXN13750,05:11:12,07/05/2024
1407,5,$706.62,TXN13751,07:21:35,07/05/2024
1408,6,$611.71,TXN13752,09:31:58,07/05/2024
1409,4,$182.73,TXN13753,11:42:21,07/05/2024
1410,5,$125.27,TXN13754,13:52:44,07/05/2024
1411,1,$518.36,TXN13755,16:03:07,07/05/2024
1412,2,$288.27,TXN13756,18:13:30,07/05/2024
1413,3,$515.62,TXN13757,20:23:54,07/05/2024
1414,3,$357.46,TXN13758,22:34:17,07/05/2024
1415,1,$247.59,TXN13759,00:44:40,08/05/2024
1416,6,$486.06,TXN13760,02:55:03,08/05/2024
1417,6,$437.78,TXN13761,05:05:26,08/05/2024
1418,1,$237.24,TXN13762,07:15:49,08/05/2024
1419,5,$404.86,TXN13763,09:26:12,08/05/2024
1420,6,$414.93,TXN13764,11:36:35,08/05/2024
1421,1,$408.15,TXN13765,13:46:58,08/05/2024
1422,1,$816.52,TXN13766,15:57:22,08/05/2024
1423,3,$648.09,TXN13767,18:07:45,08/05/2024
1424,5,$274.15,TXN13768,20:18:08,08/05/2024
1425,2,$628.27,TXN13769,22:28:31,08/05/2024
1426,6,$632.08,TXN13770,00:38:54,09/05/2024
1427,6,$111.84,TXN13771,02:49:17,09/05/2024
1428,6,$514.98,TXN13772,04:59:40,09/05/2024
1429,2,$704.08,TXN13773,07:10:03,09/05/2024
1430,1,$838.54,TXN13774,09:20:26,09/05/2024
1431,1,$450.41,TXN13775,11:30:50,09/05/2024
1432,3,$855.14,TXN13776,13:41:13,09/05/2024
1433,4,$933.04,TXN13777,15:51:36,09/05/2024
1434,4,$235.34,TXN13778,18:01:59,09/05/2024
1435,3,$245.13,TXN13779,20:12:22,09/05/2024
1436,4,$786.34,TXN13780,22:22:45,09/05/2024
1437,1,$279.01,TXN13781,00:33:08,10/05/2024
1438,2,$721.42,TXN13782,02:43:31,10/05/2024
1439,6,$729.71,TXN13783,04:53:54,10/05/2024
1440,2,$323.87,TXN13784,07:04:18,10/05/2024
1441,6,$148.14,TXN13785,09:14:41,10/05/2024
1442,6,$771.35,TXN13786,11:25:04,10/05/2024
1443,6,$319.87,TXN13787,13:35:27,10/05/2024
1444,5,$847.78,TXN13788,15:45:50,10/05/2024
1445,4,$143.33,TXN13789,17:56:13,10/05/2024
1446,3,$643.01,TXN13790,20:06:36,10/05/2024
1447,6,$847.90,TXN13791,22:16:59,10/05/2024
1448,6,$269.60,TXN13792,00:27:22,11/05/2024
1449,3,$123.91,TXN13793,02:37:46,11/05/2024
1450,1,$381.92,TXN13794,04:48:09,11/05/2024
1451,1,$974.85,TXN13795,06:58:32,11/05/2024
1452,2,$653.64,TXN13796,09:08:55,11/05/2024
1453,4,$300.22,TXN13797,11:19:18,11/05/2024
1454,4,$990.88,TXN13798,13:29:41,11/05/2024
1455,4,$540.08,TXN13799,15:40:04,11/05/2024
1456,5,$285.37,TXN13800,17:50:27,11/05/2024
1457,5,$875.72,TXN13801,20:00:50,11/05/2024
1458,3,$697.08,TXN13802,22:11:14,11/05/2024
1459,2,$318.17,TXN13803,00:21:37,12/05/2024
1460,2,$793.67,TXN13804,02:32:00,12/05/2024
1461,4,$632.00,TXN13805,04:42:23,12/05/2024
1462,4,$126.00,TXN13806,06:52:46,12/05/2024
1463,3,$891.90,TXN13807,09:03:09,12/05/2024
1464,5,$617.71,TXN13808,11:13:32,12/05/2024
1465,4,$449.13,TXN13809,13:23:55,12/05/2024
1466,1,$500.38,TXN13810,15:34:18,12/05/2024
1467,6,$909.84,TXN13811,17:44:42,12/05/2024
1468,5,$661.73,TXN13812,19:55:05,12/05/2024
1469,5,$816.84,TXN13813,22:05:28,12/05/2024
1470,3,$973.85,TXN13814,00:15:51,13/05/2024
1471,6,$959.88,TXN13815,02:26:14,13/05/2024
1472,6,$542.78,TXN13816,04:36:37,13/05/2024
1473,5,$396.74,TXN13817,06:47:00,13/05/2024
1474,6,$437.40,TXN13818,08:57:23,13/05/2024
1475,4,$289.88,TXN13819,11:07:46,13/05/2024
1476,1,$842.18,TXN13820,13:18:10,13/05/2024
1477,1,$513.51,TXN13821,15:28:33,13/05/2024
1478,4,$550.04,TXN13822,17:38:56,13/05/2024
1479,3,$211.70,TXN13823,19:49:19,13/05/2024
1480,4,$928.73,TXN13824,21:59:42,13/05/2024
1481,1,$281.75,TXN13825,00:10:05,14/05/2024
1482,2,$440.25,TXN13826,02:20:28,14/05/2024
1483,4,$427.51,TXN13827,04:30:51,14/05/2024
1484,4,$885.13,TXN13828,06:41:14,14/05/2024
1485,4,$237.60,TXN13829,08:51:38,14/05/2024
1486,2,$838.30,TXN13830,11:02:01,14/05/2024
1487,6,$574.61,TXN13831,13:12:24,14/05/2024
1488,3,$362.54,TXN13832,15:22:47,14/05/2024
1489,4,$735.22,TXN13833,17:33:10,14/05/2024
1490,2,$259.39,TXN13834,19:43:33,14/05/2024
1491,2,$978.63,TXN13835,21:53:56,14/05/2024
1492,5,$102.17,TXN13836,00:04:19,15/05/2024
1493,2,$361.91,TXN13837,02:14:42,15/05/2024
1494,6,$354.26,TXN13838,04:25:06,15/05/2024
1495,3,$454.13,TXN13839,06:35:29,15/05/2024
1496,6,$227.46,TXN13840,08:45:52,15/05/2024
1497,2,$887.06,TXN13841,10:56:15,15/05/2024
1498,6,$440.71,TXN13842,13:06:38,15/05/2024
1499,1,$692.70,TXN13843,15:17:01,15/05/2024
1500,2,$441.04,TXN13844,17:27:24,15/05/2024
1501,2,$853.39,TXN13845,19:37:47,15/05/2024
1502,2,$691.86,TXN13846,21:48:10,15/05/2024
1503,5,$223.30,TXN13847,23:58:34,15/05/2024
1504,2,$184.23,TXN13848,02:08:57,16/05/2024
1505,3,$773.30,TXN13849,04:19:20,16/05/2024
1506,5,$683.70,TXN13850,06:29:43,16/05/2024
1507,3,$310.87,TXN13851,08:40:06,16/05/2024
1508,1,$487.67,TXN13852,10:50:29,16/05/2024
1509,3,$448.20,TXN13853,13:00:52,16/05/2024
1510,2,$344.82,TXN13854,15:11:15,16/05/2024
1511,2,$905.99,TXN13855,17:21:38,16/05/2024
1512,2,$437.87,TXN13856,19:32:02,16/05/2024
1513,2,$778.51,TXN13857,21:42:25,16/05/2024
1514,3,$817.51,TXN13858,23:52:48,16/05/2024
1515,4,$919.07,TXN13859,02:03:11,17/05/2024
1516,6,$144.88,TXN13860,04:13:34,17/05/2024
1517,4,$673.23,TXN13861,06:23:57,17/05/2024
1518,5,$201.90,TXN13862,08:34:20,17/05/2024
1519,2,$308.71,TXN13863,10:44:43,17/05/2024
1520,4,$783.80,TXN13864,12:55:06,17/05/2024
1521,1,$772.88,TXN13865,15:05:30,17/05/2024
1522,5,$697.12,TXN13866,17:15:53,17/05/2024
1523,6,$350.89,TXN13867,19:26:16,17/05/2024
1524,1,$343.91,TXN13868,21:36:39,17/05/2024
1525,2,$985.84,TXN13869,23:47:02,17/05/2024
1526,4,$817.79,TXN13870,01:57:25,18/05/2024
1527,6,$923.90,TXN13871,04:07:48,18/05/2024
1528,2,$320.87,TXN13872,06:18:11,18/05/2024
1529,5,$460.12,TXN13873,08:28:34,18/05/2024
1530,6,$362.54,TXN13874,10:38:58,18/05/2024
1531,3,$969.61,TXN13875,12:49:21,18/05/2024
1532,3,$607.00,TXN13876,14:59:44,18/05/2024
1533,1,$572.81,TXN13877,17:10:07,18/05/2024
1534,6,$817.25,TXN13878,19:20:30,18/05/2024
1535,2,$438.66,TXN13879,21:30:53,18/05/2024
1536,1,$803.77,TXN13880,23:41:16,18/05/2024
1537,3,$797.84,TXN13881,01:51:39,19/05/2024
1538,1,$629.82,TXN13882,04:02:02,19/05/2024
1539,6,$242.93,TXN13883,06:12:26,19/05/2024
1540,4,$280.88,TXN13884,08:22:49,19/05/2024
1541,1,$335.38,TXN13885,10:33:12,19/05/2024
1542,5,$942.17,TXN13886,12:43:35,19/05/2024
1543,5,$304.90,TXN13887,14:53:58,19/05/2024
1544,5,$836.36,TXN13888,17:04:21,19/05/2024
1545,2,$159.71,TXN13889,19:14:44,19/05/2024
1546,3,$422.87,TXN13890,21:25:07,19/05/2024
1547,2,$537.96,TXN13891,23:35:30,19/05/2024
1548,3,$363.91,TXN13892,01:45:54,20/05/2024
1549,4,$135.16,TXN13893,03:56:17,20/05/2024
1550,2,$383.61,TXN13894,06:06:40,20/05/2024
1551,6,$624.48,TXN13895,08:17:03,20/05/2024
1552,4,$644.06,TXN13896,10:27:26,20/05/2024
1553,4,$529.61,TXN13897,12:37:49,20/05/2024
1554,5,$976.99,TXN13898,14:48:12,20/05/2024
1555,4,$948.95,TXN13899,16:58:35,20/05/2024
1556,5,$862.85,TXN13900,19:08:58,20/05/2024
1557,3,$473.37,TXN13901,21:19:22,20/05/2024
1558,4,$929.19,TXN13902,23:29:45,20/05/2024
1559,4,$273.69,TXN13903,01:40:08,21/05/2024
1560,6,$643.71,TXN13904,03:50:31,21/05/2024
1561,6,$803.33,TXN13905,06:00:54,21/05/2024
1562,3,$436.76,TXN13906,08:11:17,21/05/2024
1563,2,$413.50,TXN13907,10:21:40,21/05/2024
1564,5,$491.38,TXN13908,12:32:03,21/05/2024
1565,4,$716.80,TXN13909,14:42:26,21/05/2024
1566,6,$178.31,TXN13910,16:52:50,21/05/2024
1567,3,$428.35,TXN13911,19:03:13,21/05/2024
1568,2,$851.41,TXN13912,21:13:36,21/05/2024
1569,3,$997.35,TXN13913,23:23:59,21/05/2024
1570,6,$675.73,TXN13914,01:34:22,22/05/2024
1571,6,$227.41,TXN13915,03:44:45,22/05/2024
1572,5,$323.90,TXN13916,05:55:08,22/05/2024
1573,5,$791.91,TXN13917,08:05:31,22/05/2024
1574,6,$725.14,TXN13918,10:15:54,22/05/2024
1575,3,$531.60,TXN13919,12:26:18,22/05/2024
1576,4,$859.78,TXN13920,14:36:41,22/05/2024
1577,3,$458.26,TXN13921,16:47:04,22/05/2024
1578,6,$207.94,TXN13922,18:57:27,22/05/2024
1579,1,$129.40,TXN13923,21:07:50,22/05/2024
1580,6,$399.11,TXN13924,23:18:13,22/05/2024
1581,4,$755.38,TXN13925,01:28:36,23/05/2024
1582,2,$657.84,TXN13926,03:38:59,23/05/2024
1583,1,$991.77,TXN13927,05:49:22,23/05/2024
1584,6,$888.62,TXN13928,07:59:46,23/05/2024
1585,3,$313.55,TXN13929,10:10:09,23/05/2024
1586,1,$614.23,TXN13930,12:20:32,23/05/2024
1587,5,$809.10,TXN13931,14:30:55,23/05/2024
1588,6,$649.07,TXN13932,16:41:18,23/05/2024
1589,2,$391.82,TXN13933,18:51:41,23/05/2024
1590,2,$245.28,TXN13934,21:02:04,23/05/2024
1591,2,$701.33,TXN13935,23:12:27,23/05/2024
1592,5,$601.91,TXN13936,01:22:50,24/05/2024
1593,1,$757.35,TXN13937,03:33:14,24/05/2024
1594,3,$555.40,TXN13938,05:43:37,24/05/2024
1595,6,$843.55,TXN13939,07:54:00,24/05/2024
1596,4,$494.51,TXN13940,10:04:23,24/05/2024
1597,2,$289.95,TXN13941,12:14:46,24/05/2024
1598,5,$565.92,TXN13942,14:25:09,24/05/2024
1599,5,$623.23,TXN13943,16:35:32,24/05/2024
1600,5,$171.90,TXN13944,18:45:55,24/05/2024
1601,2,$325.26,TXN13945,20:56:18,24/05/2024
1602,5,$628.85,TXN13946,23:06:42,24/05/2024
1603,1,$433.47,TXN13947,01:17:05,25/05/2024
1604,2,$654.07,TXN13948,03:27:28,25/05/2024
1605,6,$483.40,TXN13949,05:37:51,25/05/2024
1606,6,$470.45,TXN13950,07:48:14,25/05/2024
1607,3,$113.53,TXN13951,09:58:37,25/05/2024
1608,1,$902.56,TXN13952,12:09:00,25/05/2024
1609,5,$649.60,TXN13953,14:19:23,25/05/2024
1610,4,$511.82,TXN13954,16:29:46,25/05/2024
1611,1,$507.48,TXN13955,18:40:10,25/05/2024
1612,1,$814.92,TXN13956,20:50:33,25/05/2024
1613,1,$479.90,TXN13957,23:00:56,25/05/2024
1614,6,$763.30,TXN13958,01:11:19,26/05/2024
1615,2,$847.53,TXN13959,03:21:42,26/05/2024
1616,3,$746.88,TXN13960,05:32:05,26/05/2024
1617,2,$626.10,TXN13961,07:42:28,26/05/2024
1618,1,$336.00,TXN13962,09:52:51,26/05/2024
1619,6,$820.55,TXN13963,12:03:14,26/05/2024
1620,2,$611.32,TXN13964,14:13:38,26/05/2024
1621,2,$437.36,TXN13965,16:24:01,26/05/2024
1622,1,$172.60,TXN13966,18:34:24,26/05/2024
1623,2,$111.47,TXN13967,20:44:47,26/05/2024
1624,5,$855.09,TXN13968,22:55:10,26/05/2024
1625,6,$261.81,TXN13969,01:05:33,27/05/2024
1626,2,$493.93,TXN13970,03:15:56,27/05/2024
1627,1,$544.80,TXN13971,05:26:19,27/05/2024
1628,4,$730.36,TXN13972,07:36:43,27/05/2024
1629,5,$508.58,TXN13973,09:47:06,27/05/2024
1630,2,$677.77,TXN13974,11:57:29,27/05/2024
1631,5,$227.64,TXN13975,14:07:52,27/05/2024
1632,3,$605.73,TXN13976,16:18:15,27/05/2024
1633,3,$340.95,TXN13977,18:28:38,27/05/2024
1634,3,$927.61,TXN13978,20:39:01,27/05/2024
1635,3,$807.31,TXN13979,22:49:24,27/05/2024
1636,1,$748.53,TXN13980,00:59:47,28/05/2024
1637,5,$149.40,TXN13981,03:10:11,28/05/2024
1638,5,$696.36,TXN13982,05:20:34,28/05/2024
1639,3,$486.21,TXN13983,07:30:57,28/05/2024
1640,4,$118.65,TXN13984,09:41:20,28/05/2024
1641,4,$733.68,TXN13985,11:51:43,28/05/2024
1642,2,$690.11,TXN13986,14:02:06,28/05/2024
1643,4,$260.37,TXN13987,16:12:29,28/05/2024
1644,4,$941.03,TXN13988,18:22:52,28/05/2024
1645,6,$292.99,TXN13989,20:33:15,28/05/2024
1646,3,$690.40,TXN13990,22:43:39,28/05/2024
1647,5,$652.33,TXN13991,00:54:02,29/05/2024
1648,5,$250.34,TXN13992,03:04:25,29/05/2024
1649,3,$658.96,TXN13993,05:14:48,29/05/2024
1650,2,$855.52,TXN13994,07:25:11,29/05/2024
1651,1,$871.33,TXN13995,09:35:34,29/05/2024
1652,4,$729.99,TXN13996,11:45:57,29/05/2024
1653,4,$914.92,TXN13997,13:56:20,29/05/2024
1654,3,$540.79,TXN13998,16:06:43,29/05/2024
1655,3,$250.89,TXN13999,18:17:07,29/05/2024
1656,3,$353.86,TXN14000,20:27:30,29/05/2024
1657,1,$248.41,TXN14001,22:37:53,29/05/2024
1658,3,$356.81,TXN14002,00:48:16,30/05/2024
1659,2,$731.96,TXN14003,02:58:39,30/05/2024
1660,6,$825.78,TXN14004,05:09:02,30/05/2024
1661,1,$484.93,TXN14005,07:19:25,30/05/2024
1662,5,$417.63,TXN14006,09:29:48,30/05/2024
1663,3,$301.65,TXN14007,11:40:11,30/05/2024
1664,5,$471.11,TXN14008,13:50:35,30/05/2024
1665,6,$839.26,TXN14009,16:00:58,30/05/2024
1666,2,$689.41,TXN14010,18:11:21,30/05/2024
1667,3,$758.79,TXN14011,20:21:44,30/05/2024
1668,4,$487.52,TXN14012,22:32:07,30/05/2024
1669,6,$569.34,TXN14013,00:42:30,31/05/2024
1670,3,$546.13,TXN14014,02:52:53,31/05/2024
1671,1,$757.69,TXN14015,05:03:16,31/05/2024
1672,2,$871.56,TXN14016,07:13:39,31/05/2024
1673,3,$967.78,TXN14017,09:24:03,31/05/2024
1674,3,$274.83,TXN14018,11:34:26,31/05/2024
1675,2,$899.34,TXN14019,13:44:49,31/05/2024
1676,2,$175.99,TXN14020,15:55:12,31/05/2024
1677,1,$936.44,TXN14021,18:05:35,31/05/2024
1678,6,$537.46,TXN14022,20:15:58,31/05/2024
1679,6,$657.29,TXN14023,22:26:21,31/05/2024
1680,1,$304.08,TXN14024,00:36:44,01/06/2024
1681,5,$136.70,TXN14025,02:47:07,01/06/2024
1682,5,$364.32,TXN14026,04:57:31,01/06/2024
1683,5,$588.14,TXN14027,07:07:54,01/06/2024
1684,1,$614.99,TXN14028,09:18:17,01/06/2024
1685,1,$482.58,TXN14029,11:28:40,01/06/2024
1686,6,$291.35,TXN14030,13:39:03,01/06/2024
1687,6,$619.92,TXN14031,15:49:26,01/06/2024
1688,1,$214.33,TXN14032,17:59:49,01/06/2024
1689,2,$755.76,TXN14033,20:10:12,01/06/2024
1690,3,$916.97,TXN14034,22:20:35,01/06/2024
1691,4,$180.26,TXN14035,00:30:59,02/06/2024
1692,6,$615.53,TXN14036,02:41:22,02/06/2024
1693,4,$402.38,TXN14037,04:51:45,02/06/2024
1694,2,$527.75,TXN14038,07:02:08,02/06/2024
1695,5,$708.83,TXN14039,09:12:31,02/06/2024
1696,4,$876.11,TXN14040,11:22:54,02/06/2024
1697,3,$972.24,TXN14041,13:33:17,02/06/2024
1698,3,$121.18,TXN14042,15:43:40,02/06/2024
1699,4,$604.04,TXN14043,17:54:03,02/06/2024
1700,2,$352.57,TXN14044,20:04:27,02/06/2024
1701,2,$701.89,TXN14045,22:14:50,02/06/2024
1702,2,$634.18,TXN14046,00:25:13,03/06/2024
1703,1,$194.23,TXN14047,02:35:36,03/06/2024
1704,5,$182.13,TXN14048,04:45:59,03/06/2024
1705,3,$275.18,TXN14049,06:56:22,03/06/2024
1706,6,$350.08,TXN14050,09:06:45,03/06/2024
1707,2,$136.45,TXN14051,11:17:08,03/06/2024
1708,5,$571.78,TXN14052,13:27:31,03/06/2024
1709,6,$182.19,TXN14053,15:37:55,03/06/2024
1710,1,$794.79,TXN14054,17:48:18,03/06/2024
1711,6,$849.37,TXN14055,19:58:41,03/06/2024
1712,6,$758.93,TXN14056,22:09:04,03/06/2024
1713,4,$612.12,TXN14057,00:19:27,04/06/2024
1714,3,$249.76,TXN14058,02:29:50,04/06/2024
1715,1,$878.54,TXN14059,04:40:13,04/06/2024
1716,5,$631.52,TXN14060,06:50:36,04/06/2024
1717,6,$762.72,TXN14061,09:00:59,04/06/2024
1718,4,$458.65,TXN14062,11:11:23,04/06/2024
1719,6,$731.39,TXN14063,13:21:46,04/06/2024
1720,6,$438.12,TXN14064,15:32:09,04/06/2024
1721,1,$629.01,TXN14065,17:42:32,04/06/2024
1722,4,$426.85,TXN14066,19:52:55,04/06/2024
1723,6,$141.70,TXN14067,22:03:18,04/06/2024
1724,5,$814.13,TXN14068,00:13:41,05/06/2024
1725,5,$441.49,TXN14069,02:24:04,05/06/2024
1726,4,$520.04,TXN14070,04:34:27,05/06/2024
1727,2,$232.89,TXN14071,06:44:51,05/06/2024
1728,6,$645.08,TXN14072,08:55:14,05/06/2024
1729,3,$316.34,TXN14073,11:05:37,05/06/2024
1730,2,$851.02,TXN14074,13:16:00,05/06/2024
1731,5,$975.90,TXN14075,15:26:23,05/06/2024
1732,2,$302.24,TXN14076,17:36:46,05/06/2024
1733,2,$604.33,TXN14077,19:47:09,05/06/2024
1734,6,$472.35,TXN14078,21:57:32,05/06/2024
1735,2,$859.01,TXN14079,00:07:55,06/06/2024
1736,6,$106.55,TXN14080,02:18:19,06/06/2024
1737,5,$488.43,TXN14081,04:28:42,06/06/2024
1738,2,$716.29,TXN14082,06:39:05,06/06/2024
1739,4,$910.75,TXN14083,08:49:28,06/06/2024
1740,3,$819.46,TXN14084,10:59:51,06/06/2024
1741,3,$477.14,TXN14085,13:10:14,06/06/2024
1742,4,$769.60,TXN14086,15:20:37,06/06/2024
1743,2,$298.30,TXN14087,17:31:00,06/06/2024
1744,5,$645.41,TXN14088,19:41:23,06/06/2024
1745,6,$677.99,TXN14089,21:51:47,06/06/2024
1746,1,$687.48,TXN14090,00:02:10,07/06/2024
1747,2,$231.61,TXN14091,02:12:33,07/06/2024
1748,6,$292.59,TXN14092,04:22:56,07/06/2024
1749,4,$385.33,TXN14093,06:33:19,07/06/2024
1750,5,$623.30,TXN14094,08:43:42,07/06/2024
1751,3,$557.94,TXN14095,10:54:05,07/06/2024
1752,1,$217.78,TXN14096,13:04:28,07/06/2024
1753,6,$581.42,TXN14097,15:14:51,07/06/2024
1754,3,$727.89,TXN14098,17:25:15,07/06/2024
1755,4,$267.79,TXN14099,19:35:38,07/06/2024
1756,3,$607.67,TXN14100,21:46:01,07/06/2024
1757,6,$568.22,TXN14101,23:56:24,07/06/2024
1758,3,$693.80,TXN14102,02:06:47,08/06/2024
1759,5,$736.14,TXN14103,04:17:10,08/06/2024
1760,4,$498.30,TXN14104,06:27:33,08/06/2024
1761,6,$635.96,TXN14105,08:37:56,08/06/2024
1762,2,$165.41,TXN14106,10:48:19,08/06/2024
1763,1,$332.72,TXN14107,12:58:43,08/06/2024
1764,1,$482.80,TXN14108,15:09:06,08/06/2024
1765,4,$873.95,TXN14109,17:19:29,08/06/2024
1766,3,$946.34,TXN14110,19:29:52,08/06/2024
1767,5,$955.73,TXN14111,21:40:15,08/06/2024
1768,4,$487.28,TXN14112,23:50:38,08/06/2024
1769,4,$592.85,TXN14113,02:01:01,09/06/2024
1770,4,$497.74,TXN14114,04:11:24,09/06/2024
1771,2,$152.50,TXN14115,06:21:47,09/06/2024
1772,5,$895.57,TXN14116,08:32:11,09/06/2024
1773,6,$677.65,TXN14117,10:42:34,09/06/2024
1774,1,$234.22,TXN14118,12:52:57,09/06/2024
1775,1,$290.79,TXN14119,15:03:20,09/06/2024
1776,4,$726.50,TXN14120,17:13:43,09/06/2024
1777,6,$612.25,TXN14121,19:24:06,09/06/2024
1778,2,$566.78,TXN14122,21:34:29,09/06/2024
1779,1,$788.75,TXN14123,23:44:52,09/06/2024
1780,1,$227.82,TXN14124,01:55:15,10/06/2024
1781,4,$234.60,TXN14125,04:05:39,10/06/2024
1782,5,$829.09,TXN14126,06:16:02,10/06/2024
1783,3,$615.62,TXN14127,08:26:25,10/06/2024
1784,6,$745.62,TXN14128,10:36:48,10/06/2024
1785,4,$269.93,TXN14129,12:47:11,10/06/2024
1786,5,$119.69,TXN14130,14:57:34,10/06/2024
1787,1,$595.51,TXN14131,17:07:57,10/06/2024
1788,5,$796.02,TXN14132,19:18:20,10/06/2024
1789,4,$164.25,TXN14133,21:28:43,10/06/2024
1790,5,$878.76,TXN14134,23:39:07,10/06/2024
1791,4,$407.92,TXN14135,01:49:30,11/06/2024
1792,4,$617.30,TXN14136,03:59:53,11/06/2024
1793,4,$421.79,TXN14137,06:10:16,11/06/2024
1794,6,$434.11,TXN14138,08:20:39,11/06/2024
1795,1,$211.05,TXN14139,10:31:02,11/06/2024
1796,6,$343.90,TXN14140,12:41:25,11/06/2024
1797,4,$538.59,TXN14141,14:51:48,11/06/2024
1798,3,$435.84,TXN14142,17:02:11,11/06/2024
1799,2,$382.86,TXN14143,19:12:35,11/06/2024
1800,4,$821.36,TXN14144,21:22:58,11/06/2024
1801,2,$107.42,TXN14145,23:33:21,11/06/2024
1802,2,$581.89,TXN14146,01:43:44,12/06/2024
1803,2,$527.91,TXN14147,03:54:07,12/06/2024
1804,3,$717.01,TXN14148,06:04:30,12/06/2024
1805,3,$641.85,TXN14149,08:14:53,12/06/2024
1806,3,$279.66,TXN14150,10:25:16,12/06/2024
1807,2,$219.01,TXN14151,12:35:39,12/06/2024
1808,5,$130.23,TXN14152,14:46:03,12/06/2024
1809,6,$294.75,TXN14153,16:56:26,12/06/2024
1810,4,$374.09,TXN14154,19:06:49,12/06/2024
1811,4,$931.90,TXN14155,21:17:12,12/06/2024
1812,5,$444.85,TXN14156,23:27:35,12/06/2024
1813,3,$592.05,TXN14157,01:37:58,13/06/2024
1814,1,$386.36,TXN14158,03:48:21,13/06/2024
1815,3,$743.80,TXN14159,05:58:44,13/06/2024
1816,1,$912.67,TXN14160,08:09:07,13/06/2024
1817,3,$554.81,TXN14161,10:19:31,13/06/2024
1818,4,$661.62,TXN14162,12:29:54,13/06/2024
1819,6,$165.30,TXN14163,14:40:17,13/06/2024
1820,3,$742.57,TXN14164,16:50:40,13/06/2024
1821,2,$185.53,TXN14165,19:01:03,13/06/2024
1822,1,$931.64,TXN14166,21:11:26,13/06/2024
1823,2,$349.86,TXN14167,23:21:49,13/06/2024
1824,6,$945.00,TXN14168,01:32:12,14/06/2024
1825,2,$658.02,TXN14169,03:42:35,14/06/2024
1826,6,$291.90,TXN14170,05:52:59,14/06/2024
1827,2,$904.73,TXN14171,08:03:22,14/06/2024
1828,5,$230.48,TXN14172,10:13:45,14/06/2024
1829,5,$218.89,TXN14173,12:24:08,14/06/2024
1830,4,$503.71,TXN14174,14:34:31,14/06/2024
1831,5,$324.19,TXN14175,16:44:54,14/06/2024
1832,3,$580.54,TXN14176,18:55:17,14/06/2024
1833,2,$500.51,TXN14177,21:05:40,14/06/2024
1834,4,$940.05,TXN14178,23:16:03,14/06/2024
1835,2,$184.72,TXN14179,01:26:27,15/06/2024
1836,1,$177.39,TXN14180,03:36:50,15/06/2024
1837,6,$414.82,TXN14181,05:47:13,15/06/2024
1838,2,$772.04,TXN14182,07:57:36,15/06/2024
1839,5,$983.47,TXN14183,10:07:59,15/06/2024
1840,3,$264.37,TXN14184,12:18:22,15/06/2024
1841,1,$213.80,TXN14185,14:28:45,15/06/2024
1842,6,$122.50,TXN14186,16:39:08,15/06/2024
1843,6,$105.33,TXN14187,18:49:31,15/06/2024
1844,6,$367.30,TXN14188,20:59:55,15/06/2024
1845,1,$806.76,TXN14189,23:10:18,15/06/2024
1846,3,$932.21,TXN14190,01:20:41,16/06/2024
1847,6,$993.43,TXN14191,03:31:04,16/06/2024
1848,6,$931.21,TXN14192,05:41:27,16/06/2024
1849,1,$212.22,TXN14193,07:51:50,16/06/2024
1850,6,$755.19,TXN14194,10:02:13,16/06/2024
1851,3,$291.70,TXN14195,12:12:36,16/06/2024
1852,4,$311.05,TXN14196,14:22:59,16/06/2024
1853,5,$759.30,TXN14197,16:33:23,16/06/2024
1854,6,$954.83,TXN14198,18:43:46,16/06/2024
1855,4,$998.25,TXN14199,20:54:09,16/06/2024
1856,2,$138.56,TXN14200,23:04:32,16/06/2024
1857,6,$290.26,TXN14201,01:14:55,17/06/2024
1858,5,$111.25,TXN14202,03:25:18,17/06/2024
1859,2,$931.03,TXN14203,05:35:41,17/06/2024
1860,6,$491.53,TXN14204,07:46:04,17/06/2024
1861,3,$804.41,TXN14205,09:56:27,17/06/2024
1862,4,$631.90,TXN14206,12:06:51,17/06/2024
1863,3,$364.83,TXN14207,14:17:14,17/06/2024
1864,2,$164.59,TXN14208,16:27:37,17/06/2024
1865,4,$242.21,TXN14209,18:38:00,17/06/2024
1866,4,$739.63,TXN14210,20:48:23,17/06/2024
1867,1,$206.77,TXN14211,22:58:46,17/06/2024
1868,2,$907.37,TXN14212,01:09:09,18/06/2024
1869,6,$631.47,TXN14213,03:19:32,18/06/2024
1870,5,$341.45,TXN14214,05:29:55,18/06/2024
1871,1,$449.64,TXN14215,07:40:19,18/06/2024
1872,3,$842.18,TXN14216,09:50:42,18/06/2024
1873,2,$706.71,TXN14217,12:01:05,18/06/2024
1874,2,$536.73,TXN14218,14:11:28,18/06/2024
1875,3,$755.93,TXN14219,16:21:51,18/06/2024
1876,4,$724.53,TXN14220,18:32:14,18/06/2024
1877,5,$200.26,TXN14221,20:42:37,18/06/2024
1878,5,$493.12,TXN14222,22:53:00,18/06/2024
1879,6,$549.23,TXN14223,01:03:24,19/06/2024
1880,5,$296.76,TXN14224,03:13:47,19/06/2024
1881,4,$599.07,TXN14225,05:24:10,19/06/2024
1882,6,$594.03,TXN14226,07:34:33,19/06/2024
1883,6,$621.37,TXN14227,09:44:56,19/06/2024
1884,3,$447.37,TXN14228,11:55:19,19/06/2024
1885,2,$642.74,TXN14229,14:05:42,19/06/2024
1886,4,$235.25,TXN14230,16:16:05,19/06/2024
1887,5,$446.23,TXN14231,18:26:28,19/06/2024
1888,4,$327.11,TXN14232,20:36:52,19/06/2024
1889,6,$950.00,TXN14233,22:47:15,19/06/2024
1890,5,$479.01,TXN14234,00:57:38,20/06/2024
1891,4,$151.37,TXN14235,03:08:01,20/06/2024
1892,3,$237.00,TXN14236,05:18:24,20/06/2024
1893,2,$620.43,TXN14237,07:28:47,20/06/2024
1894,4,$846.37,TXN14238,09:39:10,20/06/2024
1895,4,$700.35,TXN14239,11:49:33,20/06/2024
1896,3,$890.78,TXN14240,13:59:56,20/06/2024
1897,6,$654.56,TXN14241,16:10:20,20/06/2024
1898,3,$492.71,TXN14242,18:20:43,20/06/2024
1899,3,$710.81,TXN14243,20:31:06,20/06/2024
1900,1,$832.38,TXN14244,22:41:29,20/06/2024
1901,5,$896.84,TXN14245,00:51:52,21/06/2024
1902,6,$200.15,TXN14246,03:02:15,21/06/2024
1903,5,$802.60,TXN14247,05:12:38,21/06/2024
1904,5,$839.42,TXN14248,07:23:01,21/06/2024
1905,4,$127.21,TXN14249,09:33:24,21/06/2024
1906,6,$295.66,TXN14250,11:43:48,21/06/2024
1907,4,$765.57,TXN14251,13:54:11,21/06/2024
1908,6,$283.69,TXN14252,16:04:34,21/06/2024
1909,5,$489.19,TXN14253,18:14:57,21/06/2024
1910,2,$388.26,TXN14254,20:25:20,21/06/2024
1911,3,$548.18,TXN14255,22:35:43,21/06/2024
1912,5,$987.54,TXN14256,00:46:06,22/06/2024
1913,5,$418.64,TXN14257,02:56:29,22/06/2024
1914,4,$604.85,TXN14258,05:06:52,22/06/2024
1915,1,$809.48,TXN14259,07:17:16,22/06/2024
1916,6,$327.67,TXN14260,09:27:39,22/06/2024
1917,3,$854.37,TXN14261,11:38:02,22/06/2024
1918,1,$902.70,TXN14262,13:48:25,22/06/2024
1919,6,$629.17,TXN14263,15:58:48,22/06/2024
1920,6,$116.24,TXN14264,18:09:11,22/06/2024
1921,4,$167.82,TXN14265,20:19:34,22/06/2024
1922,4,$643.63,TXN14266,22:29:57,22/06/2024
1923,4,$592.74,TXN14267,00:40:20,23/06/2024
1924,2,$399.75,TXN14268,02:50:44,23/06/2024
1925,5,$334.05,TXN14269,05:01:07,23/06/2024
1926,2,$220.82,TXN14270,07:11:30,23/06/2024
1927,3,$883.40,TXN14271,09:21:53,23/06/2024
1928,5,$471.45,TXN14272,11:32:16,23/06/2024
1929,5,$324.58,TXN14273,13:42:39,23/06/2024
1930,6,$389.35,TXN14274,15:53:02,23/06/2024
1931,1,$896.85,TXN14275,18:03:25,23/06/2024
1932,4,$554.54,TXN14276,20:13:48,23/06/2024
1933,1,$865.04,TXN14277,22:24:12,23/06/2024
1934,1,$611.48,TXN14278,00:34:35,24/06/2024
1935,2,$497.15,TXN14279,02:44:58,24/06/2024
1936,5,$323.23,TXN14280,04:55:21,24/06/2024
1937,1,$432.45,TXN14281,07:05:44,24/06/2024
1938,6,$542.09,TXN14282,09:16:07,24/06/2024
1939,5,$697.57,TXN14283,11:26:30,24/06/2024
1940,2,$645.63,TXN14284,13:36:53,24/06/2024
1941,3,$106.62,TXN14285,15:47:16,24/06/2024
1942,2,$190.42,TXN14286,17:57:40,24/06/2024
1943,2,$463.26,TXN14287,20:08:03,24/06/2024
1944,5,$435.24,TXN14288,22:18:26,24/06/2024
1945,1,$638.81,TXN14289,00:28:49,25/06/2024
1946,4,$591.24,TXN14290,02:39:12,25/06/2024
1947,2,$787.19,TXN14291,04:49:35,25/06/2024
1948,4,$989.74,TXN14292,06:59:58,25/06/2024
1949,2,$153.13,TXN14293,09:10:21,25/06/2024
1950,4,$680.49,TXN14294,11:20:44,25/06/2024
1951,4,$671.26,TXN14295,13:31:08,25/06/2024
1952,2,$845.17,TXN14296,15:41:31,25/06/2024
1953,3,$167.17,TXN14297,17:51:54,25/06/2024
1954,2,$721.42,TXN14298,20:02:17,25/06/2024
1955,1,$982.84,TXN14299,22:12:40,25/06/2024
1956,3,$351.66,TXN14300,00:23:03,26/06/2024
1957,3,$383.28,TXN14301,02:33:26,26/06/2024
1958,3,$848.50,TXN14302,04:43:49,26/06/2024
1959,2,$729.04,TXN14303,06:54:12,26/06/2024
1960,2,$319.14,TXN14304,09:04:36,26/06/2024
1961,4,$577.21,TXN14305,11:14:59,26/06/2024
1962,5,$129.07,TXN14306,13:25:22,26/06/2024
1963,4,$488.41,TXN14307,15:35:45,26/06/2024
1964,2,$328.74,TXN14308,17:46:08,26/06/2024
1965,6,$928.49,TXN14309,19:56:31,26/06/2024
1966,4,$130.01,TXN14310,22:06:54,26/06/2024
1967,2,$859.34,TXN14311,00:17:17,27/06/2024
1968,4,$965.23,TXN14312,02:27:40,27/06/2024
1969,1,$620.54,TXN14313,04:38:04,27/06/2024
1970,5,$236.34,TXN14314,06:48:27,27/06/2024
1971,3,$298.69,TXN14315,08:58:50,27/06/2024
1972,6,$404.89,TXN14316,11:09:13,27/06/2024
1973,2,$354.25,TXN14317,13:19:36,27/06/2024
1974,4,$944.41,TXN14318,15:29:59,27/06/2024
1975,2,$910.94,TXN14319,17:40:22,27/06/2024
1976,2,$609.91,TXN14320,19:50:45,27/06/2024
1977,4,$743.48,TXN14321,22:01:08,27/06/2024
1978,5,$151.66,TXN14322,00:11:32,28/06/2024
1979,4,$633.08,TXN14323,02:21:55,28/06/2024
1980,5,$131.70,TXN14324,04:32:18,28/06/2024
1981,3,$218.60,TXN14325,06:42:41,28/06/2024
1982,5,$386.96,TXN14326,08:53:04,28/06/2024
1983,1,$114.05,TXN14327,11:03:27,28/06/2024
1984,1,$534.31,TXN14328,13:13:50,28/06/2024
1985,3,$147.70,TXN14329,15:24:13,28/06/2024
1986,1,$364.23,TXN14330,17:34:36,28/06/2024
1987,1,$847.82,TXN14331,19:45:00,28/06/2024
1988,2,$301.87,TXN14332,21:55:23,28/06/2024
1989,6,$455.45,TXN14333,00:05:46,29/06/2024
1990,2,$600.12,TXN14334,02:16:09,29/06/2024
1991,4,$658.68,TXN14335,04:26:32,29/06/2024
1992,6,$938.79,TXN14336,06:36:55,29/06/2024
1993,5,$505.35,TXN14337,08:47:18,29/06/2024
1994,3,$993.49,TXN14338,10:57:41,29/06/2024
1995,5,$254.55,TXN14339,13:08:04,29/06/2024
1996,5,$526.18,TXN14340,15:18:28,29/06/2024
1997,1,$477.49,TXN14341,17:28:51,29/06/2024
1998,6,$418.91,TXN14342,19:39:14,29/06/2024
1999,5,$647.95,TXN14343,21:49:37,29/06/2024
2000,6,$471.92,TXN14344,00:00:00,30/06/2024